city,zone,rainfall_mm,drainage_capacity,population_density,traffic_index,road_condition_rating,critical_infrastructure_count,rainfall,drainage_capacity_pct,population,traffic,road_condition,critical_infrastructure,drainage_overflow_ratio,road_vulnerability,flood_risk_score,flood_risk_target,target
Mumbai,Dadar-Hindmata,375.83,24.17,101820,57.49,2.78,5,375.83,24.17,101820,57.49,2.78,5,15.5485,0.722,0.98,1,1
Mumbai,Sion Lowlands,335.76,16.03,25769,84.66,6.69,4,335.76,16.03,25769,84.66,6.69,4,20.9465,0.3307,0.98,1,1
Mumbai,Sion Lowlands,464.47,45.87,110305,75.19,4.16,3,464.47,45.87,110305,75.19,4.16,3,10.1249,0.584,0.98,1,1
Mumbai,Sion Lowlands,147.34,33.32,90725,54.35,5.09,6,147.34,33.32,90725,54.35,5.09,6,4.4223,0.4908,0.98,1,1
Mumbai,Dadar-Hindmata,460.4,38.34,94092,79.16,2.85,9,460.4,38.34,94092,79.16,2.85,9,12.009,0.7147,0.98,1,1
Mumbai,Kurla West,59.25,49.21,48483,55.86,4.48,9,59.25,49.21,48483,55.86,4.48,9,1.2039,0.5524,0.9112,1,1
Mumbai,Dadar-Hindmata,426.92,27.94,94479,86.26,4.13,8,426.92,27.94,94479,86.26,4.13,8,15.2805,0.5874,0.98,1,1
Mumbai,Dadar-Hindmata,396.56,37.49,62065,92.95,4.99,9,396.56,37.49,62065,92.95,4.99,9,10.5783,0.5011,0.98,1,1
Mumbai,Sion Lowlands,273.41,41.04,114789,65.62,3.94,4,273.41,41.04,114789,65.62,3.94,4,6.6618,0.6057,0.98,1,1
Mumbai,Mithi River Basin,142.26,42.13,63044,88.51,2.37,9,142.26,42.13,63044,88.51,2.37,9,3.3764,0.7627,0.98,1,1
Mumbai,Mithi River Basin,364.83,24.94,73190,89.14,5.53,5,364.83,24.94,73190,89.14,5.53,5,14.6307,0.4466,0.98,1,1
Mumbai,Kurla West,177.38,20.79,47662,90.8,4.25,3,177.38,20.79,47662,90.8,4.25,3,8.5308,0.5753,0.98,1,1
Mumbai,Sion Lowlands,182.98,48.44,109651,80.6,6.44,3,182.98,48.44,109651,80.6,6.44,3,3.7773,0.3564,0.98,1,1
Mumbai,Dadar-Hindmata,359.64,43.06,31910,62.29,2.2,9,359.64,43.06,31910,62.29,2.2,9,8.3512,0.7798,0.98,1,1
Mumbai,Dadar-Hindmata,65.23,36.97,75015,80.55,3.57,6,65.23,36.97,75015,80.55,3.57,6,1.7647,0.6428,0.98,1,1
Mumbai,Mithi River Basin,259.55,25.15,80820,53.7,3.45,8,259.55,25.15,80820,53.7,3.45,8,10.3187,0.6551,0.98,1,1
Mumbai,Sion Lowlands,436.15,55.41,74080,55.06,4.28,6,436.15,55.41,74080,55.06,4.28,6,7.8719,0.5717,0.98,1,1
Mumbai,Sion Lowlands,176.4,60.34,55080,60.94,4.14,6,176.4,60.34,55080,60.94,4.14,6,2.9234,0.5864,0.98,1,1
Mumbai,Mithi River Basin,404.91,15.35,46959,75.64,4.42,3,404.91,15.35,46959,75.64,4.42,3,26.3827,0.5576,0.98,1,1
Mumbai,Dadar-Hindmata,91.24,25.94,93840,69.38,2.32,4,91.24,25.94,93840,69.38,2.32,4,3.5174,0.7676,0.98,1,1
Mumbai,Sion Lowlands,126.83,49.82,114474,64.44,3.42,3,126.83,49.82,114474,64.44,3.42,3,2.5461,0.6576,0.98,1,1
Mumbai,Sion Lowlands,426.44,26.98,112092,73.49,6.93,9,426.44,26.98,112092,73.49,6.93,9,15.8071,0.3072,0.98,1,1
Mumbai,Sion Lowlands,51.63,33.48,37688,84.95,3.84,6,51.63,33.48,37688,84.95,3.84,6,1.5419,0.6161,0.98,1,1
Mumbai,Dadar-Hindmata,55.9,56.77,67107,74.39,5.48,5,55.9,56.77,67107,74.39,5.48,5,0.9848,0.4521,0.7598,1,1
Mumbai,Sion Lowlands,162.66,26.01,59754,88.86,3.74,9,162.66,26.01,59754,88.86,3.74,9,6.2532,0.6257,0.98,1,1
Mumbai,Sion Lowlands,249.54,56.89,26802,66.37,2.57,9,249.54,56.89,26802,66.37,2.57,9,4.3867,0.7433,0.98,1,1
Mumbai,Dadar-Hindmata,412.43,27.9,71843,58.4,6.91,6,412.43,27.9,71843,58.4,6.91,6,14.7841,0.3089,0.98,1,1
Mumbai,Sion Lowlands,452.33,42.91,54855,80.39,3.7,5,452.33,42.91,54855,80.39,3.7,5,10.5403,0.6305,0.98,1,1
Mumbai,Dadar-Hindmata,343.86,59.86,31295,69.42,6.44,6,343.86,59.86,31295,69.42,6.44,6,5.7448,0.3561,0.98,1,1
Mumbai,Dadar-Hindmata,183.64,62.01,27200,50.24,2.8,4,183.64,62.01,27200,50.24,2.8,4,2.9617,0.7196,0.98,1,1
Mumbai,Kurla West,328.43,47.6,119179,84.18,3.19,7,328.43,47.6,119179,84.18,3.19,7,6.9,0.6814,0.98,1,1
Mumbai,Sion Lowlands,399.7,47.88,69064,76.04,4.54,8,399.7,47.88,69064,76.04,4.54,8,8.3478,0.5456,0.98,1,1
Mumbai,Dadar-Hindmata,128.46,44.49,72333,68.87,6.46,5,128.46,44.49,72333,68.87,6.46,5,2.8871,0.354,0.98,1,1
Mumbai,Mithi River Basin,276.34,39.63,119660,61.05,4.5,6,276.34,39.63,119660,61.05,4.5,6,6.9737,0.5504,0.98,1,1
Mumbai,Dadar-Hindmata,363.15,17.18,81491,95.14,6.77,7,363.15,17.18,81491,95.14,6.77,7,21.138,0.323,0.98,1,1
Mumbai,Mithi River Basin,435.53,36.41,70236,77.47,6.9,6,435.53,36.41,70236,77.47,6.9,6,11.962,0.3098,0.98,1,1
Mumbai,Dadar-Hindmata,153.48,24.55,75336,65.21,2.85,3,153.48,24.55,75336,65.21,2.85,3,6.2529,0.7153,0.98,1,1
Mumbai,Dadar-Hindmata,273.24,19.86,97991,82.21,3.79,9,273.24,19.86,97991,82.21,3.79,9,13.759,0.6207,0.98,1,1
Mumbai,Dadar-Hindmata,148.77,31.13,52751,83.46,5.51,9,148.77,31.13,52751,83.46,5.51,9,4.7793,0.4488,0.98,1,1
Mumbai,Dadar-Hindmata,131.06,45.58,113891,74.54,4.51,7,131.06,45.58,113891,74.54,4.51,7,2.8757,0.5492,0.98,1,1
Mumbai,Sion Lowlands,309.43,50.1,95031,52.44,6.43,9,309.43,50.1,95031,52.44,6.43,9,6.1765,0.3567,0.98,1,1
Mumbai,Dadar-Hindmata,319.43,31.41,77921,76.05,3.43,4,319.43,31.41,77921,76.05,3.43,4,10.1704,0.6567,0.98,1,1
Mumbai,Kurla West,28.82,16.87,78006,67.29,2.64,3,28.82,16.87,78006,67.29,2.64,3,1.7084,0.7365,0.98,1,1
Mumbai,Sion Lowlands,297.17,19.27,91412,59.33,4.06,5,297.17,19.27,91412,59.33,4.06,5,15.4234,0.5943,0.98,1,1
Mumbai,Dadar-Hindmata,77.67,21.64,42019,84.3,2.21,9,77.67,21.64,42019,84.3,2.21,9,3.5898,0.7795,0.98,1,1
Mumbai,Kurla West,26.48,63.13,76990,70.56,5.44,3,26.48,63.13,76990,70.56,5.44,3,0.4195,0.4558,0.4626,0,0
Mumbai,Kurla West,429.59,37.12,71175,76.36,5.57,7,429.59,37.12,71175,76.36,5.57,7,11.5738,0.4427,0.98,1,1
Mumbai,Kurla West,345.71,17.39,92215,57.62,2.6,7,345.71,17.39,92215,57.62,2.6,7,19.8845,0.7399,0.98,1,1
Mumbai,Kurla West,56.58,19.71,76293,91.06,5.52,6,56.58,19.71,76293,91.06,5.52,6,2.8712,0.4482,0.98,1,1
Mumbai,Kurla West,211.53,34.93,48049,95.56,6.43,6,211.53,34.93,48049,95.56,6.43,6,6.0568,0.3567,0.98,1,1
Mumbai,Dadar-Hindmata,21.93,61.67,34823,91.11,5.29,6,21.93,61.67,34823,91.11,5.29,6,0.3556,0.4707,0.5026,0,0
Mumbai,Kurla West,27.01,44.29,85890,88.45,5.39,5,27.01,44.29,85890,88.45,5.39,5,0.6099,0.4614,0.6269,1,1
Mumbai,Sion Lowlands,73.21,55.56,118610,95.19,3.93,3,73.21,55.56,118610,95.19,3.93,3,1.3177,0.6069,0.9402,1,1
Mumbai,Mithi River Basin,46.42,20.04,37161,51.87,5.09,9,46.42,20.04,37161,51.87,5.09,9,2.3165,0.4909,0.98,1,1
Mumbai,Mithi River Basin,312.04,34.27,40305,51.12,6.07,3,312.04,34.27,40305,51.12,6.07,3,9.1055,0.3928,0.98,1,1
Mumbai,Kurla West,299.91,58.87,58496,88.57,3.41,4,299.91,58.87,58496,88.57,3.41,4,5.0942,0.659,0.98,1,1
Mumbai,Mithi River Basin,355.03,55.34,108042,69.81,3.86,9,355.03,55.34,108042,69.81,3.86,9,6.4152,0.614,0.98,1,1
Mumbai,Sion Lowlands,403.86,36.45,96180,85.52,3.19,8,403.86,36.45,96180,85.52,3.19,8,11.0799,0.6809,0.98,1,1
Mumbai,Mithi River Basin,257.05,39.83,25728,65.36,6.48,3,257.05,39.83,25728,65.36,6.48,3,6.454,0.3522,0.98,1,1
Mumbai,Sion Lowlands,445.38,62.53,79098,73.67,2.42,7,445.38,62.53,79098,73.67,2.42,7,7.1226,0.7584,0.98,1,1
Mumbai,Dadar-Hindmata,287.91,42.69,112508,86.11,5.96,3,287.91,42.69,112508,86.11,5.96,3,6.7449,0.4042,0.98,1,1
Mumbai,Dadar-Hindmata,79.78,53.08,97592,54.85,2.42,7,79.78,53.08,97592,54.85,2.42,7,1.5031,0.7579,0.98,1,1
Mumbai,Sion Lowlands,47.96,56.09,44065,57.04,4.57,8,47.96,56.09,44065,57.04,4.57,8,0.855,0.5433,0.7419,1,1
Mumbai,Dadar-Hindmata,426.19,44.59,60909,83.99,4.41,6,426.19,44.59,60909,83.99,4.41,6,9.5569,0.5592,0.98,1,1
Mumbai,Kurla West,334.4,27.44,118714,55.34,4.46,7,334.4,27.44,118714,55.34,4.46,7,12.1884,0.5537,0.98,1,1
Mumbai,Sion Lowlands,68.82,20.88,67344,85.72,5.41,6,68.82,20.88,67344,85.72,5.41,6,3.2968,0.4595,0.98,1,1
Mumbai,Kurla West,196.3,38.89,48960,91.69,3.12,8,196.3,38.89,48960,91.69,3.12,8,5.0481,0.6882,0.98,1,1
Mumbai,Sion Lowlands,254.05,64.65,46732,62.14,5.48,3,254.05,64.65,46732,62.14,5.48,3,3.9297,0.4523,0.98,1,1
Mumbai,Kurla West,90.3,25.84,77638,97.8,5.48,5,90.3,25.84,77638,97.8,5.48,5,3.4943,0.4515,0.98,1,1
Mumbai,Sion Lowlands,167.05,23.48,86529,68.64,3.15,6,167.05,23.48,86529,68.64,3.15,6,7.1135,0.6853,0.98,1,1
Mumbai,Sion Lowlands,178.24,28.0,72605,51.55,3.4,7,178.24,28.0,72605,51.55,3.4,7,6.3662,0.6601,0.98,1,1
Mumbai,Mithi River Basin,75.33,18.81,70445,95.59,5.63,9,75.33,18.81,70445,95.59,5.63,9,4.0049,0.4371,0.98,1,1
Mumbai,Mithi River Basin,204.46,61.64,48793,76.48,2.82,3,204.46,61.64,48793,76.48,2.82,3,3.3173,0.7176,0.98,1,1
Mumbai,Dadar-Hindmata,83.14,44.71,29158,68.86,6.15,3,83.14,44.71,29158,68.86,6.15,3,1.8597,0.3854,0.98,1,1
Mumbai,Mithi River Basin,43.77,16.84,33702,63.12,2.28,8,43.77,16.84,33702,63.12,2.28,8,2.599,0.7718,0.98,1,1
Mumbai,Mithi River Basin,466.48,42.77,48524,84.85,5.79,5,466.48,42.77,48524,84.85,5.79,5,10.9062,0.4215,0.98,1,1
Mumbai,Mithi River Basin,124.21,25.25,59816,95.79,5.03,8,124.21,25.25,59816,95.79,5.03,8,4.9188,0.4969,0.98,1,1
Mumbai,Kurla West,177.25,20.68,39489,73.91,4.38,5,177.25,20.68,39489,73.91,4.38,5,8.5718,0.5619,0.98,1,1
Mumbai,Dadar-Hindmata,154.42,55.82,98963,76.93,6.38,3,154.42,55.82,98963,76.93,6.38,3,2.7665,0.3617,0.98,1,1
Mumbai,Dadar-Hindmata,357.08,46.02,62441,88.64,6.52,6,357.08,46.02,62441,88.64,6.52,6,7.7599,0.3484,0.98,1,1
Mumbai,Kurla West,173.82,44.5,31941,76.63,2.46,4,173.82,44.5,31941,76.63,2.46,4,3.9063,0.7545,0.98,1,1
Mumbai,Sion Lowlands,427.44,29.9,77329,91.39,6.75,6,427.44,29.9,77329,91.39,6.75,6,14.2967,0.3252,0.98,1,1
Mumbai,Kurla West,434.74,39.61,44963,53.18,2.23,8,434.74,39.61,44963,53.18,2.23,8,10.9768,0.7771,0.98,1,1
Mumbai,Dadar-Hindmata,277.58,32.08,31254,56.19,2.64,9,277.58,32.08,31254,56.19,2.64,9,8.6533,0.736,0.98,1,1
Mumbai,Dadar-Hindmata,77.89,47.04,66240,93.05,4.37,7,77.89,47.04,66240,93.05,4.37,7,1.6557,0.563,0.98,1,1
Mumbai,Dadar-Hindmata,33.51,23.45,61668,51.53,4.74,7,33.51,23.45,61668,51.53,4.74,7,1.4293,0.5256,0.9611,1,1
Mumbai,Mithi River Basin,176.26,59.71,116865,83.14,2.2,3,176.26,59.71,116865,83.14,2.2,3,2.952,0.7803,0.98,1,1
Mumbai,Sion Lowlands,410.73,61.04,77796,50.12,6.34,3,410.73,61.04,77796,50.12,6.34,3,6.7285,0.3658,0.98,1,1
Mumbai,Dadar-Hindmata,98.59,25.47,107558,94.35,3.18,6,98.59,25.47,107558,94.35,3.18,6,3.8711,0.6819,0.98,1,1
Mumbai,Mithi River Basin,43.24,22.39,30126,82.98,6.22,5,43.24,22.39,30126,82.98,6.22,5,1.9315,0.3778,0.98,1,1
Mumbai,Dadar-Hindmata,28.8,58.36,113869,75.57,3.21,3,28.8,58.36,113869,75.57,3.21,3,0.4935,0.6788,0.5652,1,1
Mumbai,Dadar-Hindmata,160.9,25.57,81793,75.7,3.17,7,160.9,25.57,81793,75.7,3.17,7,6.292,0.6834,0.98,1,1
Mumbai,Sion Lowlands,229.71,32.76,107152,73.93,2.43,9,229.71,32.76,107152,73.93,2.43,9,7.0129,0.7565,0.98,1,1
Mumbai,Sion Lowlands,210.54,21.38,85004,67.43,5.23,4,210.54,21.38,85004,67.43,5.23,4,9.8481,0.477,0.98,1,1
Mumbai,Dadar-Hindmata,176.31,64.33,28812,94.82,2.04,7,176.31,64.33,28812,94.82,2.04,7,2.7409,0.7962,0.98,1,1
Mumbai,Sion Lowlands,400.42,19.39,101125,58.32,6.48,9,400.42,19.39,101125,58.32,6.48,9,20.6462,0.3516,0.98,1,1
Mumbai,Dadar-Hindmata,252.6,35.52,101323,97.87,6.48,6,252.6,35.52,101323,97.87,6.48,6,7.1116,0.3517,0.98,1,1
Mumbai,Sion Lowlands,342.47,56.04,78441,76.72,4.86,5,342.47,56.04,78441,76.72,4.86,5,6.1109,0.5142,0.98,1,1
Mumbai,Mithi River Basin,363.58,24.35,67101,84.13,3.0,6,363.58,24.35,67101,84.13,3.0,6,14.9301,0.7002,0.98,1,1
Mumbai,Kurla West,362.8,19.36,26917,57.41,4.41,5,362.8,19.36,26917,57.41,4.41,5,18.7355,0.5594,0.98,1,1
Mumbai,Dadar-Hindmata,38.48,31.83,90545,76.33,4.74,4,38.48,31.83,90545,76.33,4.74,4,1.2088,0.5255,0.9193,1,1
Mumbai,Mithi River Basin,77.89,15.14,118070,72.64,4.06,8,77.89,15.14,118070,72.64,4.06,8,5.146,0.5941,0.98,1,1
Mumbai,Dadar-Hindmata,436.08,56.53,25235,69.61,6.66,5,436.08,56.53,25235,69.61,6.66,5,7.7139,0.3335,0.98,1,1
Mumbai,Kurla West,36.79,54.08,66832,86.02,6.0,5,36.79,54.08,66832,86.02,6.0,5,0.6803,0.4002,0.6147,1,1
Mumbai,Mithi River Basin,99.44,26.78,25077,75.11,3.79,7,99.44,26.78,25077,75.11,3.79,7,3.7126,0.6206,0.98,1,1
Mumbai,Sion Lowlands,213.93,33.85,36954,79.96,4.7,9,213.93,33.85,36954,79.96,4.7,9,6.3204,0.5301,0.98,1,1
Mumbai,Dadar-Hindmata,276.6,32.77,36246,68.43,4.72,5,276.6,32.77,36246,68.43,4.72,5,8.4412,0.5282,0.98,1,1
Mumbai,Dadar-Hindmata,299.35,31.75,112487,58.0,6.39,3,299.35,31.75,112487,58.0,6.39,3,9.4298,0.3607,0.98,1,1
Mumbai,Sion Lowlands,350.88,43.66,76356,57.28,3.56,7,350.88,43.66,76356,57.28,3.56,7,8.0371,0.6441,0.98,1,1
Mumbai,Sion Lowlands,273.16,53.12,68872,54.94,4.68,9,273.16,53.12,68872,54.94,4.68,9,5.142,0.5318,0.98,1,1
Mumbai,Sion Lowlands,222.02,45.2,45103,57.2,3.15,6,222.02,45.2,45103,57.2,3.15,6,4.9122,0.6854,0.98,1,1
Mumbai,Kurla West,129.06,32.28,102834,96.04,3.71,8,129.06,32.28,102834,96.04,3.71,8,3.9977,0.6287,0.98,1,1
Mumbai,Sion Lowlands,206.89,29.4,115474,57.36,4.93,8,206.89,29.4,115474,57.36,4.93,8,7.0379,0.5069,0.98,1,1
Mumbai,Sion Lowlands,410.07,61.61,62219,94.1,5.95,7,410.07,61.61,62219,94.1,5.95,7,6.6564,0.405,0.98,1,1
Mumbai,Sion Lowlands,310.07,53.56,90310,79.12,4.12,7,310.07,53.56,90310,79.12,4.12,7,5.7889,0.5879,0.98,1,1
Mumbai,Sion Lowlands,71.47,61.04,78173,74.9,4.96,7,71.47,61.04,78173,74.9,4.96,7,1.1709,0.5044,0.8554,1,1
Mumbai,Dadar-Hindmata,39.81,31.76,64224,50.22,3.67,9,39.81,31.76,64224,50.22,3.67,9,1.2534,0.6333,0.9516,1,1
Mumbai,Kurla West,171.89,32.35,82761,94.09,4.94,5,171.89,32.35,82761,94.09,4.94,5,5.314,0.5065,0.98,1,1
Mumbai,Sion Lowlands,428.48,27.41,92526,57.94,2.17,3,428.48,27.41,92526,57.94,2.17,3,15.6313,0.7831,0.98,1,1
Mumbai,Kurla West,114.7,25.63,52696,58.55,6.81,3,114.7,25.63,52696,58.55,6.81,3,4.4747,0.3195,0.98,1,1
Mumbai,Sion Lowlands,202.82,19.27,100452,58.85,3.5,7,202.82,19.27,100452,58.85,3.5,7,10.5268,0.6502,0.98,1,1
Mumbai,Sion Lowlands,421.82,25.26,84676,80.0,3.89,5,421.82,25.26,84676,80.0,3.89,5,16.7011,0.6111,0.98,1,1
Mumbai,Kurla West,148.2,50.7,53865,75.65,4.41,8,148.2,50.7,53865,75.65,4.41,8,2.9229,0.5595,0.98,1,1
Mumbai,Mithi River Basin,166.47,18.78,73770,67.92,3.35,8,166.47,18.78,73770,67.92,3.35,8,8.8663,0.6646,0.98,1,1
Mumbai,Kurla West,200.16,16.27,51399,84.37,5.29,3,200.16,16.27,51399,84.37,5.29,3,12.3027,0.4705,0.98,1,1
Mumbai,Dadar-Hindmata,319.37,15.99,81373,66.29,4.85,5,319.37,15.99,81373,66.29,4.85,5,19.9785,0.5153,0.98,1,1
Mumbai,Mithi River Basin,267.19,51.04,98506,61.67,5.61,8,267.19,51.04,98506,61.67,5.61,8,5.2349,0.4389,0.98,1,1
Mumbai,Mithi River Basin,78.91,35.32,91358,93.02,2.07,9,78.91,35.32,91358,93.02,2.07,9,2.2342,0.7935,0.98,1,1
Mumbai,Mithi River Basin,109.17,16.33,61220,92.07,5.21,4,109.17,16.33,61220,92.07,5.21,4,6.6868,0.4785,0.98,1,1
Mumbai,Kurla West,179.47,16.71,39596,66.57,5.87,3,179.47,16.71,39596,66.57,5.87,3,10.7391,0.4131,0.98,1,1
Mumbai,Kurla West,405.06,25.98,42771,56.73,6.34,5,405.06,25.98,42771,56.73,6.34,5,15.5941,0.3658,0.98,1,1
Mumbai,Mithi River Basin,234.6,40.62,103344,76.0,5.17,9,234.6,40.62,103344,76.0,5.17,9,5.7752,0.4833,0.98,1,1
Mumbai,Mithi River Basin,78.13,56.75,80961,75.23,2.86,9,78.13,56.75,80961,75.23,2.86,9,1.3768,0.7142,0.98,1,1
Mumbai,Sion Lowlands,68.34,43.83,56653,53.22,4.03,8,68.34,43.83,56653,53.22,4.03,8,1.5594,0.5974,0.98,1,1
Mumbai,Kurla West,341.25,20.33,41725,56.57,6.5,8,341.25,20.33,41725,56.57,6.5,8,16.7865,0.35,0.98,1,1
Mumbai,Mithi River Basin,316.26,23.77,84052,90.23,4.02,8,316.26,23.77,84052,90.23,4.02,8,13.3059,0.5978,0.98,1,1
Mumbai,Kurla West,206.18,32.69,63709,85.43,2.41,6,206.18,32.69,63709,85.43,2.41,6,6.3065,0.7586,0.98,1,1
Mumbai,Sion Lowlands,340.73,29.86,53769,69.04,6.77,8,340.73,29.86,53769,69.04,6.77,8,11.4123,0.323,0.98,1,1
Mumbai,Mithi River Basin,234.14,28.5,99478,62.59,4.98,5,234.14,28.5,99478,62.59,4.98,5,8.2168,0.5025,0.98,1,1
Mumbai,Kurla West,63.29,18.76,62904,69.81,5.52,4,63.29,18.76,62904,69.81,5.52,4,3.3742,0.4475,0.98,1,1
Mumbai,Mithi River Basin,126.62,55.96,59020,50.11,6.84,8,126.62,55.96,59020,50.11,6.84,8,2.2629,0.3162,0.98,1,1
Mumbai,Sion Lowlands,380.77,63.1,46520,95.61,4.23,9,380.77,63.1,46520,95.61,4.23,9,6.0339,0.577,0.98,1,1
Mumbai,Sion Lowlands,260.48,58.65,96431,80.67,5.8,7,260.48,58.65,96431,80.67,5.8,7,4.4415,0.4205,0.98,1,1
Chennai,Velachery,447.71,52.33,47935,78.81,7.59,8,447.71,52.33,47935,78.81,7.59,8,8.555,0.2411,0.98,1,1
Chennai,Adyar Basin,287.05,65.77,64813,46.63,6.52,4,287.05,65.77,64813,46.63,6.52,4,4.3641,0.3479,0.98,1,1
Chennai,Adyar Basin,41.29,42.76,37850,85.59,2.7,8,41.29,42.76,37850,85.59,2.7,8,0.9657,0.7296,0.8477,1,1
Chennai,Tambaram Outfall,125.17,26.03,22983,64.26,4.72,8,125.17,26.03,22983,64.26,4.72,8,4.8091,0.5275,0.98,1,1
Chennai,Velachery,331.93,56.89,94859,52.81,2.63,3,331.93,56.89,94859,52.81,2.63,3,5.8344,0.7366,0.98,1,1
Chennai,Adyar Basin,25.19,63.74,47788,61.12,7.63,4,25.19,63.74,47788,61.12,7.63,4,0.3952,0.2371,0.3761,0,0
Chennai,Velachery,244.82,49.04,78606,61.91,3.0,8,244.82,49.04,78606,61.91,3.0,8,4.9924,0.6996,0.98,1,1
Chennai,T. Nagar Market,265.29,56.61,22050,65.7,4.13,3,265.29,56.61,22050,65.7,4.13,3,4.6859,0.5866,0.98,1,1
Chennai,Velachery,147.81,65.52,55400,46.02,4.65,5,147.81,65.52,55400,46.02,4.65,5,2.2561,0.5346,0.98,1,1
Chennai,Tambaram Outfall,473.12,59.9,65028,44.92,4.8,8,473.12,59.9,65028,44.92,4.8,8,7.8986,0.5203,0.98,1,1
Chennai,Velachery,488.82,57.17,82211,52.74,7.69,8,488.82,57.17,82211,52.74,7.69,8,8.5506,0.2315,0.98,1,1
Chennai,Adyar Basin,306.11,45.63,60042,49.71,3.71,2,306.11,45.63,60042,49.71,3.71,2,6.7078,0.6287,0.98,1,1
Chennai,T. Nagar Market,438.33,66.39,38297,68.88,3.93,4,438.33,66.39,38297,68.88,3.93,4,6.6026,0.6069,0.98,1,1
Chennai,Adyar Basin,250.28,69.82,44578,84.87,3.73,6,250.28,69.82,44578,84.87,3.73,6,3.5848,0.6266,0.98,1,1
Chennai,Adyar Basin,427.0,42.87,43874,55.01,5.12,4,427.0,42.87,43874,55.01,5.12,4,9.96,0.4878,0.98,1,1
Chennai,Velachery,423.2,21.77,66542,76.04,5.53,4,423.2,21.77,66542,76.04,5.53,4,19.4386,0.447,0.98,1,1
Chennai,Adyar Basin,139.42,56.17,61873,44.46,3.71,6,139.42,56.17,61873,44.46,3.71,6,2.4821,0.6289,0.98,1,1
Chennai,Tambaram Outfall,51.47,62.56,29516,66.43,5.76,3,51.47,62.56,29516,66.43,5.76,3,0.8227,0.4242,0.6839,1,1
Chennai,Tambaram Outfall,285.99,33.35,27314,87.75,3.85,4,285.99,33.35,27314,87.75,3.85,4,8.5749,0.6151,0.98,1,1
Chennai,T. Nagar Market,91.83,36.7,71756,78.36,6.24,8,91.83,36.7,71756,78.36,6.24,8,2.5022,0.3759,0.98,1,1
Chennai,Velachery,436.94,63.59,69138,88.35,2.53,4,436.94,63.59,69138,88.35,2.53,4,6.8709,0.7472,0.98,1,1
Chennai,Velachery,371.14,28.04,38787,70.59,6.66,5,371.14,28.04,38787,70.59,6.66,5,13.237,0.3339,0.98,1,1
Chennai,Velachery,70.49,38.83,57311,69.7,6.79,7,70.49,38.83,57311,69.7,6.79,7,1.8151,0.3211,0.98,1,1
Chennai,T. Nagar Market,379.53,47.06,62207,86.21,4.66,8,379.53,47.06,62207,86.21,4.66,8,8.0643,0.5343,0.98,1,1
Chennai,Adyar Basin,468.76,28.32,83888,72.02,4.4,3,468.76,28.32,83888,72.02,4.4,3,16.5528,0.5598,0.98,1,1
Chennai,Tambaram Outfall,36.91,63.58,57567,77.18,4.95,4,36.91,63.58,57567,77.18,4.95,4,0.5806,0.5047,0.5806,1,1
Chennai,T. Nagar Market,46.43,61.08,51598,66.88,6.74,3,46.43,61.08,51598,66.88,6.74,3,0.7603,0.3263,0.5597,1,1
Chennai,T. Nagar Market,228.59,33.68,34288,45.62,7.2,8,228.59,33.68,34288,45.62,7.2,8,6.7868,0.2802,0.98,1,1
Chennai,Tambaram Outfall,417.33,58.64,72307,76.0,4.0,2,417.33,58.64,72307,76.0,4.0,2,7.1168,0.5997,0.98,1,1
Chennai,Adyar Basin,87.36,41.62,73268,90.02,7.22,5,87.36,41.62,73268,90.02,7.22,5,2.0991,0.2785,0.98,1,1
Chennai,T. Nagar Market,164.43,36.04,39982,81.02,3.6,2,164.43,36.04,39982,81.02,3.6,2,4.5627,0.6398,0.98,1,1
Chennai,Velachery,357.45,48.14,43019,66.03,7.83,7,357.45,48.14,43019,66.03,7.83,7,7.4256,0.2175,0.98,1,1
Chennai,Adyar Basin,379.53,51.31,58827,41.79,7.56,4,379.53,51.31,58827,41.79,7.56,4,7.3967,0.2435,0.98,1,1
Chennai,Tambaram Outfall,396.54,44.08,31536,73.4,3.86,2,396.54,44.08,31536,73.4,3.86,2,8.9967,0.6139,0.98,1,1
Chennai,T. Nagar Market,327.08,36.3,74615,63.83,7.91,2,327.08,36.3,74615,63.83,7.91,2,9.0113,0.2086,0.98,1,1
Chennai,Tambaram Outfall,237.54,54.02,49009,66.4,5.8,4,237.54,54.02,49009,66.4,5.8,4,4.3971,0.42,0.98,1,1
Chennai,Adyar Basin,449.85,56.21,89298,45.77,3.83,2,449.85,56.21,89298,45.77,3.83,2,8.0023,0.6169,0.98,1,1
Chennai,Adyar Basin,83.26,44.94,68787,59.03,6.77,3,83.26,44.94,68787,59.03,6.77,3,1.8524,0.3233,0.98,1,1
Chennai,Velachery,437.73,24.13,76985,61.83,3.23,8,437.73,24.13,76985,61.83,3.23,8,18.1441,0.677,0.98,1,1
Chennai,Adyar Basin,345.25,60.03,88577,42.27,6.19,4,345.25,60.03,88577,42.27,6.19,4,5.7514,0.3813,0.98,1,1
Chennai,T. Nagar Market,274.28,55.45,46289,74.39,6.81,8,274.28,55.45,46289,74.39,6.81,8,4.9462,0.3191,0.98,1,1
Chennai,T. Nagar Market,247.03,53.04,86435,72.86,6.81,8,247.03,53.04,86435,72.86,6.81,8,4.6573,0.3189,0.98,1,1
Chennai,Adyar Basin,225.09,56.24,92715,53.59,3.38,6,225.09,56.24,92715,53.59,3.38,6,4.0023,0.6623,0.98,1,1
Chennai,T. Nagar Market,120.0,68.79,72579,80.94,7.3,6,120.0,68.79,72579,80.94,7.3,6,1.7444,0.2705,0.98,1,1
Chennai,Adyar Basin,24.99,52.66,57412,94.8,7.86,4,24.99,52.66,57412,94.8,7.86,4,0.4746,0.2139,0.5721,1,1
Chennai,Tambaram Outfall,110.58,54.01,36309,41.69,3.92,5,110.58,54.01,36309,41.69,3.92,5,2.0474,0.6083,0.98,1,1
Chennai,Velachery,180.7,38.55,59443,67.77,5.49,4,180.7,38.55,59443,67.77,5.49,4,4.6873,0.4512,0.98,1,1
Chennai,Tambaram Outfall,296.68,21.47,51585,66.77,7.3,3,296.68,21.47,51585,66.77,7.3,3,13.8185,0.2696,0.98,1,1
Chennai,T. Nagar Market,298.74,65.62,68364,65.62,7.1,2,298.74,65.62,68364,65.62,7.1,2,4.5526,0.2902,0.98,1,1
Chennai,T. Nagar Market,386.7,40.27,31561,53.06,7.84,8,386.7,40.27,31561,53.06,7.84,8,9.6039,0.2157,0.98,1,1
Chennai,Velachery,133.42,63.54,90135,71.87,6.14,8,133.42,63.54,90135,71.87,6.14,8,2.0999,0.3856,0.98,1,1
Chennai,Adyar Basin,327.37,35.61,87649,87.19,2.55,2,327.37,35.61,87649,87.19,2.55,2,9.1938,0.745,0.98,1,1
Chennai,Velachery,128.54,31.73,72233,44.04,3.43,3,128.54,31.73,72233,44.04,3.43,3,4.0505,0.6566,0.98,1,1
Chennai,Velachery,176.42,61.44,62240,64.72,5.73,5,176.42,61.44,62240,64.72,5.73,5,2.8713,0.4267,0.98,1,1
Chennai,Tambaram Outfall,196.71,50.28,71886,76.51,5.11,2,196.71,50.28,71886,76.51,5.11,2,3.9126,0.489,0.98,1,1
Chennai,Tambaram Outfall,400.92,49.27,87278,70.7,5.47,5,400.92,49.27,87278,70.7,5.47,5,8.1375,0.4531,0.98,1,1
Chennai,T. Nagar Market,125.71,22.58,59030,52.36,3.49,4,125.71,22.58,59030,52.36,3.49,4,5.5662,0.651,0.98,1,1
Chennai,Velachery,64.48,49.23,45611,48.16,7.93,4,64.48,49.23,45611,48.16,7.93,4,1.3098,0.2074,0.8178,1,1
Chennai,T. Nagar Market,136.77,46.09,29110,76.68,3.27,7,136.77,46.09,29110,76.68,3.27,7,2.9678,0.6732,0.98,1,1
Chennai,Velachery,83.76,66.99,24470,48.93,3.54,8,83.76,66.99,24470,48.93,3.54,8,1.2503,0.6464,0.8407,1,1
Chennai,Velachery,476.44,32.77,68320,86.1,7.7,3,476.44,32.77,68320,86.1,7.7,3,14.5411,0.2305,0.98,1,1
Chennai,Adyar Basin,253.15,50.89,56487,87.55,6.73,4,253.15,50.89,56487,87.55,6.73,4,4.9742,0.3273,0.98,1,1
Chennai,Velachery,302.69,67.04,39508,76.68,5.67,7,302.69,67.04,39508,76.68,5.67,7,4.5148,0.4325,0.98,1,1
Chennai,Tambaram Outfall,91.3,50.25,25704,87.65,7.96,6,91.3,50.25,25704,87.65,7.96,6,1.817,0.2037,0.98,1,1
Chennai,Velachery,67.26,52.53,49165,90.91,4.91,3,67.26,52.53,49165,90.91,4.91,3,1.2806,0.509,0.9428,1,1
Chennai,Adyar Basin,435.51,35.86,37772,84.98,3.16,7,435.51,35.86,37772,84.98,3.16,7,12.1448,0.6839,0.98,1,1
Chennai,Velachery,190.54,39.81,29108,60.92,5.52,2,190.54,39.81,29108,60.92,5.52,2,4.7863,0.4483,0.98,1,1
Chennai,Velachery,276.38,42.22,83449,72.29,3.43,7,276.38,42.22,83449,72.29,3.43,7,6.5461,0.6574,0.98,1,1
Chennai,T. Nagar Market,274.79,67.57,51348,84.76,3.1,6,274.79,67.57,51348,84.76,3.1,6,4.0665,0.6901,0.98,1,1
Chennai,Adyar Basin,267.25,32.3,66819,73.43,6.71,7,267.25,32.3,66819,73.43,6.71,7,8.2732,0.3293,0.98,1,1
Chennai,T. Nagar Market,23.73,29.79,89967,75.61,7.44,2,23.73,29.79,89967,75.61,7.44,2,0.7967,0.2561,0.6573,1,1
Chennai,Tambaram Outfall,459.05,23.01,57650,45.58,5.17,6,459.05,23.01,57650,45.58,5.17,6,19.9471,0.4828,0.98,1,1
Chennai,T. Nagar Market,269.95,49.05,74691,79.47,4.7,6,269.95,49.05,74691,79.47,4.7,6,5.504,0.5301,0.98,1,1
Chennai,Tambaram Outfall,409.3,46.12,64139,49.98,5.39,8,409.3,46.12,64139,49.98,5.39,8,8.8739,0.4612,0.98,1,1
Chennai,Velachery,137.89,68.15,32149,84.33,5.53,6,137.89,68.15,32149,84.33,5.53,6,2.0235,0.4474,0.98,1,1
Chennai,Adyar Basin,68.79,20.13,85429,85.06,7.36,2,68.79,20.13,85429,85.06,7.36,2,3.4176,0.2637,0.98,1,1
Chennai,Tambaram Outfall,211.88,61.99,91831,59.44,3.8,6,211.88,61.99,91831,59.44,3.8,6,3.4178,0.6197,0.98,1,1
Chennai,Tambaram Outfall,146.63,61.13,27227,76.93,6.95,4,146.63,61.13,27227,76.93,6.95,4,2.3987,0.3048,0.98,1,1
Chennai,Adyar Basin,88.28,31.76,37633,66.01,5.44,7,88.28,31.76,37633,66.01,5.44,7,2.7794,0.4556,0.98,1,1
Chennai,Tambaram Outfall,164.58,31.51,60390,70.07,3.78,7,164.58,31.51,60390,70.07,3.78,7,5.2227,0.6224,0.98,1,1
Chennai,Velachery,488.15,26.82,85108,77.17,4.93,6,488.15,26.82,85108,77.17,4.93,6,18.1996,0.5065,0.98,1,1
Chennai,T. Nagar Market,362.04,20.79,49371,85.03,5.82,7,362.04,20.79,49371,85.03,5.82,7,17.4134,0.4182,0.98,1,1
Chennai,Adyar Basin,141.88,52.26,93379,50.55,4.28,4,141.88,52.26,93379,50.55,4.28,4,2.7147,0.5721,0.98,1,1
Chennai,Adyar Basin,185.04,23.47,92240,85.75,6.18,5,185.04,23.47,92240,85.75,6.18,5,7.8838,0.3817,0.98,1,1
Chennai,Adyar Basin,298.96,54.01,65113,58.32,6.18,8,298.96,54.01,65113,58.32,6.18,8,5.5356,0.3818,0.98,1,1
Chennai,Tambaram Outfall,332.02,47.89,29686,65.59,2.83,5,332.02,47.89,29686,65.59,2.83,5,6.9331,0.7169,0.98,1,1
Chennai,T. Nagar Market,271.66,24.83,88619,59.12,6.16,5,271.66,24.83,88619,59.12,6.16,5,10.9392,0.3843,0.98,1,1
Chennai,T. Nagar Market,459.12,31.73,75922,48.38,7.96,5,459.12,31.73,75922,48.38,7.96,5,14.4686,0.2041,0.98,1,1
Chennai,Tambaram Outfall,313.7,24.46,24895,47.02,7.04,7,313.7,24.46,24895,47.02,7.04,7,12.8269,0.2957,0.98,1,1
Chennai,Tambaram Outfall,354.49,21.81,25782,54.47,4.48,6,354.49,21.81,25782,54.47,4.48,6,16.255,0.5519,0.98,1,1
Chennai,Velachery,161.35,39.85,38073,73.03,5.34,4,161.35,39.85,38073,73.03,5.34,4,4.0489,0.4664,0.98,1,1
Chennai,Adyar Basin,253.05,69.61,84612,61.51,5.26,2,253.05,69.61,84612,61.51,5.26,2,3.6353,0.4744,0.98,1,1
Chennai,T. Nagar Market,337.99,46.62,93165,84.33,6.85,5,337.99,46.62,93165,84.33,6.85,5,7.2493,0.3155,0.98,1,1
Chennai,Adyar Basin,53.76,40.15,26721,48.46,3.73,7,53.76,40.15,26721,48.46,3.73,7,1.339,0.627,0.8949,1,1
Chennai,Velachery,290.5,43.97,49984,90.75,5.18,7,290.5,43.97,49984,90.75,5.18,7,6.6072,0.4821,0.98,1,1
Chennai,Tambaram Outfall,381.34,28.74,31138,92.4,7.04,6,381.34,28.74,31138,92.4,7.04,6,13.2679,0.2961,0.98,1,1
Chennai,Adyar Basin,257.43,31.63,60108,70.22,7.81,5,257.43,31.63,60108,70.22,7.81,5,8.1393,0.2188,0.98,1,1
Chennai,Velachery,463.56,63.81,72188,45.81,6.02,6,463.56,63.81,72188,45.81,6.02,6,7.2652,0.3975,0.98,1,1
Chennai,T. Nagar Market,87.82,23.07,62913,65.29,2.82,4,87.82,23.07,62913,65.29,2.82,4,3.8071,0.718,0.98,1,1
Chennai,Adyar Basin,42.68,54.75,45032,63.67,3.44,6,42.68,54.75,45032,63.67,3.44,6,0.7795,0.6561,0.6603,1,1
Chennai,T. Nagar Market,100.15,54.58,61568,68.02,7.98,2,100.15,54.58,61568,68.02,7.98,2,1.8349,0.2018,0.98,1,1
Chennai,Velachery,309.69,35.31,32411,86.64,6.48,6,309.69,35.31,32411,86.64,6.48,6,8.7699,0.3516,0.98,1,1
Chennai,Velachery,184.68,46.28,47605,85.51,6.53,7,184.68,46.28,47605,85.51,6.53,7,3.9909,0.3465,0.98,1,1
Chennai,Velachery,20.28,40.81,26548,41.06,3.93,3,20.28,40.81,26548,41.06,3.93,3,0.4971,0.6071,0.4191,0,0
Chennai,Velachery,118.08,20.61,76532,50.94,2.86,5,118.08,20.61,76532,50.94,2.86,5,5.7304,0.7145,0.98,1,1
Chennai,Velachery,67.56,47.4,24798,67.46,3.96,6,67.56,47.4,24798,67.46,3.96,6,1.4255,0.6037,0.8963,1,1
Chennai,Tambaram Outfall,131.63,52.59,92930,60.67,4.67,7,131.63,52.59,92930,60.67,4.67,7,2.5031,0.533,0.98,1,1
Chennai,Adyar Basin,391.02,64.6,73352,45.62,6.12,2,391.02,64.6,73352,45.62,6.12,2,6.0526,0.3877,0.98,1,1
Chennai,Velachery,148.82,66.52,48671,89.6,5.04,4,148.82,66.52,48671,89.6,5.04,4,2.2373,0.4962,0.98,1,1
Chennai,T. Nagar Market,330.83,64.76,71399,52.48,7.39,8,330.83,64.76,71399,52.48,7.39,8,5.1089,0.2608,0.98,1,1
Chennai,Tambaram Outfall,488.38,42.16,61991,42.29,2.97,4,488.38,42.16,61991,42.29,2.97,4,11.5831,0.7034,0.98,1,1
Chennai,Velachery,49.53,23.56,36531,80.56,4.44,7,49.53,23.56,36531,80.56,4.44,7,2.102,0.5557,0.98,1,1
Chennai,Velachery,331.29,58.22,25439,63.34,2.95,5,331.29,58.22,25439,63.34,2.95,5,5.6904,0.7046,0.98,1,1
Chennai,Velachery,156.52,58.46,55144,61.01,3.63,2,156.52,58.46,55144,61.01,3.63,2,2.6773,0.6369,0.98,1,1
Chennai,Velachery,323.43,46.52,26910,93.27,6.89,5,323.43,46.52,26910,93.27,6.89,5,6.9532,0.3107,0.98,1,1
Chennai,T. Nagar Market,484.41,50.09,59071,81.14,6.96,5,484.41,50.09,59071,81.14,6.96,5,9.6699,0.3035,0.98,1,1
Chennai,Velachery,193.27,41.6,75419,61.38,3.4,5,193.27,41.6,75419,61.38,3.4,5,4.6454,0.66,0.98,1,1
Chennai,Adyar Basin,459.66,53.8,84946,88.78,6.05,4,459.66,53.8,84946,88.78,6.05,4,8.5441,0.3948,0.98,1,1
Chennai,T. Nagar Market,420.48,65.95,76849,74.98,3.72,7,420.48,65.95,76849,74.98,3.72,7,6.3761,0.6284,0.98,1,1
Chennai,Tambaram Outfall,373.38,47.89,34571,42.96,4.26,7,373.38,47.89,34571,42.96,4.26,7,7.7966,0.574,0.98,1,1
Chennai,T. Nagar Market,477.3,44.42,66486,86.24,6.53,4,477.3,44.42,66486,86.24,6.53,4,10.7452,0.347,0.98,1,1
Chennai,Velachery,297.78,45.42,28894,45.83,3.33,7,297.78,45.42,28894,45.83,3.33,7,6.5563,0.6666,0.98,1,1
Chennai,Tambaram Outfall,222.79,28.04,85095,53.57,6.5,2,222.79,28.04,85095,53.57,6.5,2,7.9448,0.3504,0.98,1,1
Chennai,Tambaram Outfall,62.51,40.07,88056,70.53,6.53,8,62.51,40.07,88056,70.53,6.53,8,1.5597,0.3468,0.98,1,1
Chennai,Tambaram Outfall,390.44,47.71,67701,86.64,7.12,5,390.44,47.71,67701,86.64,7.12,5,8.1833,0.288,0.98,1,1
Chennai,Velachery,20.28,57.48,60372,60.24,4.3,4,20.28,57.48,60372,60.24,4.3,4,0.3529,0.5702,0.4493,0,0
Chennai,T. Nagar Market,492.24,38.42,29596,75.39,6.79,7,492.24,38.42,29596,75.39,6.79,7,12.8137,0.3208,0.98,1,1
Chennai,T. Nagar Market,81.02,53.15,22023,49.81,2.66,7,81.02,53.15,22023,49.81,2.66,7,1.5243,0.734,0.98,1,1
Chennai,Tambaram Outfall,207.71,63.71,56060,75.33,2.86,3,207.71,63.71,56060,75.33,2.86,3,3.2602,0.7143,0.98,1,1
Chennai,T. Nagar Market,351.71,22.64,85697,72.97,5.81,5,351.71,22.64,85697,72.97,5.81,5,15.5347,0.4188,0.98,1,1
Chennai,Adyar Basin,86.37,54.77,82539,83.17,6.39,8,86.37,54.77,82539,83.17,6.39,8,1.577,0.3608,0.98,1,1
Chennai,Tambaram Outfall,262.77,42.01,25469,58.05,4.89,3,262.77,42.01,25469,58.05,4.89,3,6.255,0.5113,0.98,1,1
Chennai,Tambaram Outfall,367.38,69.92,53787,56.47,3.45,7,367.38,69.92,53787,56.47,3.45,7,5.2545,0.6546,0.98,1,1
Chennai,Tambaram Outfall,252.66,28.91,50254,86.19,4.61,2,252.66,28.91,50254,86.19,4.61,2,8.7389,0.5389,0.98,1,1
Chennai,T. Nagar Market,27.55,21.21,26397,72.26,6.34,4,27.55,21.21,26397,72.26,6.34,4,1.2989,0.3663,0.8301,1,1
Chennai,Velachery,389.86,22.81,45122,63.63,7.3,6,389.86,22.81,45122,63.63,7.3,6,17.0939,0.27,0.98,1,1
Chennai,Velachery,234.47,44.15,46201,44.43,6.5,3,234.47,44.15,46201,44.43,6.5,3,5.311,0.3496,0.98,1,1
Chennai,T. Nagar Market,224.25,56.48,62821,43.15,3.74,5,224.25,56.48,62821,43.15,3.74,5,3.9708,0.6261,0.98,1,1
Chennai,Tambaram Outfall,241.12,20.67,21431,43.14,4.05,5,241.12,20.67,21431,43.14,4.05,5,11.665,0.5948,0.98,1,1
Chennai,T. Nagar Market,133.3,65.31,37015,93.62,4.54,8,133.3,65.31,37015,93.62,4.54,8,2.041,0.5458,0.98,1,1
Chennai,Tambaram Outfall,89.91,62.65,22643,74.08,5.59,6,89.91,62.65,22643,74.08,5.59,6,1.435,0.4409,0.9131,1,1
Chennai,Tambaram Outfall,165.98,58.59,34289,80.28,5.52,8,165.98,58.59,34289,80.28,5.52,8,2.8327,0.4484,0.98,1,1
Chennai,Adyar Basin,215.6,33.01,90968,67.2,7.89,6,215.6,33.01,90968,67.2,7.89,6,6.5318,0.2112,0.98,1,1
Bengaluru,Mahadevapura,98.18,35.52,41928,78.09,8.35,5,98.18,35.52,41928,78.09,8.35,5,2.7644,0.1654,0.98,1,1
Bengaluru,Bellandur Catchment,97.55,47.99,30352,93.17,6.09,2,97.55,47.99,30352,93.17,6.09,2,2.0328,0.3913,0.98,1,1
Bengaluru,HSR Layout Sector 6,23.96,72.31,38481,81.16,7.35,2,23.96,72.31,38481,81.16,7.35,2,0.3313,0.2646,0.3427,0,0
Bengaluru,Bellandur Catchment,112.99,48.57,29357,93.15,6.68,3,112.99,48.57,29357,93.15,6.68,3,2.326,0.332,0.98,1,1
Bengaluru,HSR Layout Sector 6,60.07,60.8,72326,79.99,7.44,3,60.07,60.8,72326,79.99,7.44,3,0.9879,0.2565,0.6208,1,1
Bengaluru,Silk Board,30.03,43.16,45573,89.41,3.1,6,30.03,43.16,45573,89.41,3.1,6,0.6957,0.6901,0.6817,1,1
Bengaluru,Mahadevapura,116.96,72.88,71700,77.6,8.42,3,116.96,72.88,71700,77.6,8.42,3,1.6048,0.1583,0.98,1,1
Bengaluru,HSR Layout Sector 6,66.41,75.01,38648,75.24,7.39,5,66.41,75.01,38648,75.24,7.39,5,0.8854,0.2609,0.7265,1,1
Bengaluru,Mahadevapura,109.97,45.92,47658,77.2,4.08,5,109.97,45.92,47658,77.2,4.08,5,2.3946,0.5924,0.98,1,1
Bengaluru,HSR Layout Sector 6,102.11,40.2,22239,91.12,5.18,7,102.11,40.2,22239,91.12,5.18,7,2.5398,0.4822,0.98,1,1
Bengaluru,HSR Layout Sector 6,73.26,49.62,52711,93.43,7.98,3,73.26,49.62,52711,93.43,7.98,3,1.4764,0.2016,0.9199,1,1
Bengaluru,HSR Layout Sector 6,34.57,35.13,48380,88.57,7.51,6,34.57,35.13,48380,88.57,7.51,6,0.9839,0.2488,0.6743,1,1
Bengaluru,HSR Layout Sector 6,107.11,78.23,20906,94.41,7.42,7,107.11,78.23,20906,94.41,7.42,7,1.3692,0.258,0.8545,1,1
Bengaluru,Bellandur Catchment,87.18,34.13,16125,98.21,6.61,4,87.18,34.13,16125,98.21,6.61,4,2.5544,0.3391,0.98,1,1
Bengaluru,Silk Board,78.07,54.01,39217,63.1,7.02,6,78.07,54.01,39217,63.1,7.02,6,1.4455,0.2977,0.847,1,1
Bengaluru,Bellandur Catchment,75.76,64.06,45090,95.15,6.58,2,75.76,64.06,45090,95.15,6.58,2,1.1826,0.3416,0.7604,1,1
Bengaluru,Silk Board,40.93,70.06,15587,73.07,3.96,6,40.93,70.06,15587,73.07,3.96,6,0.5842,0.6044,0.5424,0,0
Bengaluru,Bellandur Catchment,52.31,49.77,48866,85.39,6.42,7,52.31,49.77,48866,85.39,6.42,7,1.051,0.3585,0.8491,1,1
Bengaluru,Silk Board,112.32,50.92,55718,69.91,3.17,6,112.32,50.92,55718,69.91,3.17,6,2.2058,0.6829,0.98,1,1
Bengaluru,HSR Layout Sector 6,10.46,62.49,53547,68.86,7.6,4,10.46,62.49,53547,68.86,7.6,4,0.1674,0.2396,0.3587,0,0
Bengaluru,HSR Layout Sector 6,115.35,36.85,24528,71.85,6.59,7,115.35,36.85,24528,71.85,6.59,7,3.13,0.3408,0.98,1,1
Bengaluru,Silk Board,105.88,61.57,25449,85.38,7.81,4,105.88,61.57,25449,85.38,7.81,4,1.7195,0.2192,0.98,1,1
Bengaluru,Mahadevapura,30.56,46.44,17597,68.84,5.1,7,30.56,46.44,17597,68.84,5.1,7,0.6581,0.4901,0.5922,1,1
Bengaluru,Bellandur Catchment,68.25,25.99,38383,61.06,8.31,7,68.25,25.99,38383,61.06,8.31,7,2.6262,0.1686,0.98,1,1
Bengaluru,HSR Layout Sector 6,96.05,78.5,36778,91.39,3.1,7,96.05,78.5,36778,91.39,3.1,7,1.2236,0.6901,0.889,1,1
Bengaluru,Mahadevapura,74.77,59.93,71307,64.39,6.87,6,74.77,59.93,71307,64.39,6.87,6,1.2477,0.313,0.8835,1,1
Bengaluru,HSR Layout Sector 6,21.74,38.3,74711,82.12,4.56,7,21.74,38.3,74711,82.12,4.56,7,0.5675,0.5439,0.5553,1,1
Bengaluru,Mahadevapura,98.8,57.93,47762,95.21,7.69,2,98.8,57.93,47762,95.21,7.69,2,1.7053,0.2313,0.98,1,1
Bengaluru,Silk Board,82.14,74.08,38567,69.34,7.37,7,82.14,74.08,38567,69.34,7.37,7,1.1088,0.263,0.6927,1,1
Bengaluru,Bellandur Catchment,114.05,53.68,65500,69.84,4.21,5,114.05,53.68,65500,69.84,4.21,5,2.1247,0.5789,0.98,1,1
Bengaluru,Silk Board,99.69,53.89,61403,93.87,3.36,2,99.69,53.89,61403,93.87,3.36,2,1.8499,0.6644,0.98,1,1
Bengaluru,Mahadevapura,118.53,49.39,29567,96.98,5.45,2,118.53,49.39,29567,96.98,5.45,2,2.4001,0.4551,0.98,1,1
Bengaluru,Silk Board,87.78,62.2,58355,64.06,5.11,6,87.78,62.2,58355,64.06,5.11,6,1.4111,0.4885,0.9291,1,1
Bengaluru,Silk Board,71.56,59.88,55197,94.77,3.02,6,71.56,59.88,55197,94.77,3.02,6,1.1952,0.6984,0.8557,1,1
Bengaluru,HSR Layout Sector 6,83.46,74.91,44033,97.89,4.82,2,83.46,74.91,44033,97.89,4.82,2,1.1141,0.5178,0.7859,1,1
Bengaluru,HSR Layout Sector 6,44.13,36.38,21796,80.94,7.7,2,44.13,36.38,21796,80.94,7.7,2,1.2129,0.2302,0.8426,1,1
Bengaluru,Bellandur Catchment,111.33,71.42,31724,77.1,4.2,3,111.33,71.42,31724,77.1,4.2,3,1.5589,0.5798,0.98,1,1
Bengaluru,Silk Board,109.31,40.65,48623,80.73,7.84,2,109.31,40.65,48623,80.73,7.84,2,2.689,0.2161,0.98,1,1
Bengaluru,Mahadevapura,70.02,63.62,36386,65.13,4.51,2,70.02,63.62,36386,65.13,4.51,2,1.1004,0.5489,0.8122,1,1
Bengaluru,HSR Layout Sector 6,120.37,64.27,83847,71.57,6.95,5,120.37,64.27,83847,71.57,6.95,5,1.8728,0.3049,0.98,1,1
Bengaluru,Bellandur Catchment,97.72,72.46,67893,70.05,3.33,5,97.72,72.46,67893,70.05,3.33,5,1.3487,0.6673,0.9237,1,1
Bengaluru,Bellandur Catchment,107.32,61.45,49542,76.34,7.13,2,107.32,61.45,49542,76.34,7.13,2,1.7466,0.2869,0.98,1,1
Bengaluru,HSR Layout Sector 6,19.75,44.51,76350,76.09,6.55,3,19.75,44.51,76350,76.09,6.55,3,0.4437,0.3446,0.5234,0,0
Bengaluru,Bellandur Catchment,71.06,32.64,79200,83.89,7.81,5,71.06,32.64,79200,83.89,7.81,5,2.1773,0.2195,0.98,1,1
Bengaluru,Bellandur Catchment,24.66,74.63,45373,92.33,8.45,3,24.66,74.63,45373,92.33,8.45,3,0.3304,0.1548,0.3846,0,0
Bengaluru,Mahadevapura,64.58,29.64,82534,61.71,3.68,2,64.58,29.64,82534,61.71,3.68,2,2.1787,0.6323,0.98,1,1
Bengaluru,Mahadevapura,51.73,65.1,53392,62.63,5.13,4,51.73,65.1,53392,62.63,5.13,4,0.7946,0.4869,0.707,1,1
Bengaluru,Mahadevapura,75.97,72.4,77493,77.41,7.39,4,75.97,72.4,77493,77.41,7.39,4,1.0494,0.2609,0.7153,1,1
Bengaluru,Mahadevapura,114.28,75.41,83670,63.86,7.89,3,114.28,75.41,83670,63.86,7.89,3,1.5153,0.2107,0.9087,1,1
Bengaluru,HSR Layout Sector 6,93.71,45.6,55603,76.79,3.78,2,93.71,45.6,55603,76.79,3.78,2,2.055,0.6216,0.98,1,1
Bengaluru,Silk Board,125.11,43.69,55379,74.78,3.04,4,125.11,43.69,55379,74.78,3.04,4,2.8638,0.6963,0.98,1,1
Bengaluru,Bellandur Catchment,113.01,54.21,32438,86.84,3.77,6,113.01,54.21,32438,86.84,3.77,6,2.0847,0.6227,0.98,1,1
Bengaluru,Bellandur Catchment,13.35,52.8,22597,61.21,5.13,3,13.35,52.8,22597,61.21,5.13,3,0.2528,0.4866,0.2874,0,0
Bengaluru,Silk Board,65.76,40.91,17169,64.53,8.26,6,65.76,40.91,17169,64.53,8.26,6,1.6074,0.1742,0.8933,1,1
Bengaluru,Mahadevapura,118.03,58.16,21344,98.38,4.59,7,118.03,58.16,21344,98.38,4.59,7,2.0293,0.5414,0.98,1,1
Bengaluru,HSR Layout Sector 6,104.06,78.91,30848,81.59,5.98,7,104.06,78.91,30848,81.59,5.98,7,1.3188,0.4021,0.8325,1,1
Bengaluru,Silk Board,111.37,49.22,24569,70.11,4.07,2,111.37,49.22,24569,70.11,4.07,2,2.2625,0.593,0.98,1,1
Bengaluru,Silk Board,127.52,55.67,45654,65.43,5.44,3,127.52,55.67,45654,65.43,5.44,3,2.2904,0.4558,0.98,1,1
Bengaluru,Mahadevapura,35.21,68.03,35219,71.72,4.79,3,35.21,68.03,35219,71.72,4.79,3,0.5175,0.5208,0.5727,1,1
Bengaluru,HSR Layout Sector 6,14.8,51.16,53975,83.13,6.3,7,14.8,51.16,53975,83.13,6.3,7,0.2893,0.3705,0.4325,0,0
Bengaluru,Silk Board,65.75,27.09,59789,90.83,3.69,2,65.75,27.09,59789,90.83,3.69,2,2.4272,0.6313,0.98,1,1
Bengaluru,Bellandur Catchment,124.8,33.18,75011,78.85,7.75,3,124.8,33.18,75011,78.85,7.75,3,3.7607,0.225,0.98,1,1
Bengaluru,HSR Layout Sector 6,44.75,36.18,17454,75.08,5.81,2,44.75,36.18,17454,75.08,5.81,2,1.237,0.4188,0.8421,1,1
Bengaluru,Silk Board,129.26,47.42,33354,83.48,6.25,6,129.26,47.42,33354,83.48,6.25,6,2.726,0.3747,0.98,1,1
Bengaluru,Mahadevapura,34.38,31.01,23016,84.97,4.64,4,34.38,31.01,23016,84.97,4.64,4,1.1086,0.5359,0.7486,1,1
Bengaluru,Silk Board,72.07,59.46,66919,89.74,8.11,7,72.07,59.46,66919,89.74,8.11,7,1.212,0.1889,0.8096,1,1
Bengaluru,Mahadevapura,116.04,54.0,41943,71.68,4.97,3,116.04,54.0,41943,71.68,4.97,3,2.149,0.5027,0.98,1,1
Bengaluru,Bellandur Catchment,126.43,25.49,25503,98.79,3.49,7,126.43,25.49,25503,98.79,3.49,7,4.9603,0.6506,0.98,1,1
Bengaluru,Mahadevapura,15.37,43.8,24764,88.88,3.79,6,15.37,43.8,24764,88.88,3.79,6,0.3509,0.6214,0.5148,0,0
Bengaluru,Silk Board,112.86,58.75,67327,75.56,6.98,7,112.86,58.75,67327,75.56,6.98,7,1.9211,0.3023,0.98,1,1
Bengaluru,HSR Layout Sector 6,93.59,26.35,81634,73.6,3.61,5,93.59,26.35,81634,73.6,3.61,5,3.5521,0.639,0.98,1,1
Bengaluru,Silk Board,126.14,53.74,37031,86.59,3.62,3,126.14,53.74,37031,86.59,3.62,3,2.3472,0.6379,0.98,1,1
Bengaluru,Bellandur Catchment,39.46,51.3,61092,86.01,4.16,3,39.46,51.3,61092,86.01,4.16,3,0.769,0.5839,0.7077,1,1
Bengaluru,Bellandur Catchment,28.52,39.64,38782,78.58,4.24,2,28.52,39.64,38782,78.58,4.24,2,0.7196,0.5757,0.5839,1,1
Bengaluru,Bellandur Catchment,129.04,58.19,76202,85.26,3.68,2,129.04,58.19,76202,85.26,3.68,2,2.2176,0.6324,0.98,1,1
Bengaluru,Bellandur Catchment,81.24,59.36,40235,86.62,4.33,5,81.24,59.36,40235,86.62,4.33,5,1.3685,0.5669,0.9589,1,1
Bengaluru,Bellandur Catchment,110.02,69.22,61101,81.97,3.66,4,110.02,69.22,61101,81.97,3.66,4,1.5895,0.634,0.98,1,1
Bengaluru,Mahadevapura,29.29,73.51,60409,88.15,4.49,2,29.29,73.51,60409,88.15,4.49,2,0.3984,0.5506,0.5276,0,0
Bengaluru,Mahadevapura,22.49,35.4,46897,87.89,6.26,2,22.49,35.4,46897,87.89,6.26,2,0.6355,0.3736,0.5173,0,0
Bengaluru,Mahadevapura,110.53,32.15,68384,92.87,4.72,5,110.53,32.15,68384,92.87,4.72,5,3.4383,0.5277,0.98,1,1
Bengaluru,Bellandur Catchment,118.45,48.86,17224,74.72,8.15,4,118.45,48.86,17224,74.72,8.15,4,2.4243,0.185,0.98,1,1
Bengaluru,Bellandur Catchment,78.66,76.16,59760,87.45,3.02,6,78.66,76.16,59760,87.45,3.02,6,1.0328,0.6976,0.822,1,1
Bengaluru,Silk Board,116.46,35.05,69040,71.62,3.58,4,116.46,35.05,69040,71.62,3.58,4,3.3223,0.642,0.98,1,1
Bengaluru,Mahadevapura,70.85,48.8,82055,68.15,5.03,5,70.85,48.8,82055,68.15,5.03,5,1.4518,0.4972,0.9346,1,1
Bengaluru,Silk Board,16.37,67.22,17257,81.53,5.29,3,16.37,67.22,17257,81.53,5.29,3,0.2435,0.4713,0.3954,0,0
Bengaluru,Mahadevapura,98.83,60.62,42747,86.43,6.34,3,98.83,60.62,42747,86.43,6.34,3,1.6302,0.3657,0.9564,1,1
Bengaluru,Silk Board,26.61,60.84,62377,88.75,8.36,5,26.61,60.84,62377,88.75,8.36,5,0.4374,0.164,0.5266,0,0
Bengaluru,Bellandur Catchment,80.43,29.69,48002,74.34,3.32,7,80.43,29.69,48002,74.34,3.32,7,2.7086,0.668,0.98,1,1
Bengaluru,Bellandur Catchment,72.73,39.72,17100,86.83,4.33,7,72.73,39.72,17100,86.83,4.33,7,1.8311,0.567,0.98,1,1
Bengaluru,Silk Board,99.52,43.16,51021,70.4,6.99,2,99.52,43.16,51021,70.4,6.99,2,2.3057,0.3013,0.98,1,1
Bengaluru,HSR Layout Sector 6,15.07,46.87,59864,72.16,7.26,2,15.07,46.87,59864,72.16,7.26,2,0.3214,0.2743,0.3952,0,0
Bengaluru,Mahadevapura,79.96,29.2,66374,91.48,3.66,7,79.96,29.2,66374,91.48,3.66,7,2.7384,0.6339,0.98,1,1
Bengaluru,Mahadevapura,12.13,41.13,55992,88.82,4.23,2,12.13,41.13,55992,88.82,4.23,2,0.295,0.5772,0.4876,0,0
Bengaluru,Mahadevapura,116.92,62.16,19426,92.36,6.33,6,116.92,62.16,19426,92.36,6.33,6,1.881,0.3666,0.98,1,1
Bengaluru,Bellandur Catchment,28.52,74.47,17204,69.62,5.66,5,28.52,74.47,17204,69.62,5.66,5,0.383,0.4338,0.4001,0,0
Bengaluru,Bellandur Catchment,130.41,38.15,41423,98.66,5.99,5,130.41,38.15,41423,98.66,5.99,5,3.418,0.4005,0.98,1,1
Bengaluru,Bellandur Catchment,54.47,37.4,22659,84.17,7.93,2,54.47,37.4,22659,84.17,7.93,2,1.4565,0.2072,0.8777,1,1
Bengaluru,Mahadevapura,129.37,54.0,69254,66.39,6.54,2,129.37,54.0,69254,66.39,6.54,2,2.3957,0.3464,0.98,1,1
Bengaluru,Silk Board,125.2,43.55,38989,78.33,7.9,2,125.2,43.55,38989,78.33,7.9,2,2.8747,0.2104,0.98,1,1
Bengaluru,Bellandur Catchment,10.95,59.7,62562,61.74,5.29,7,10.95,59.7,62562,61.74,5.29,7,0.1835,0.4714,0.4361,0,0
Bengaluru,Mahadevapura,102.55,44.48,36625,86.51,3.42,7,102.55,44.48,36625,86.51,3.42,7,2.3052,0.6581,0.98,1,1
Bengaluru,Mahadevapura,15.34,34.12,81652,78.77,7.94,5,15.34,34.12,81652,78.77,7.94,5,0.4496,0.2063,0.4874,0,0
Bengaluru,Silk Board,26.66,79.72,62153,93.3,4.33,7,26.66,79.72,62153,93.3,4.33,7,0.3344,0.5669,0.537,0,0
Bengaluru,HSR Layout Sector 6,130.97,64.14,30449,80.38,4.21,6,130.97,64.14,30449,80.38,4.21,6,2.0418,0.5795,0.98,1,1
Bengaluru,Silk Board,121.8,34.69,45873,60.55,7.56,6,121.8,34.69,45873,60.55,7.56,6,3.5115,0.2438,0.98,1,1
Bengaluru,Bellandur Catchment,127.59,46.6,33793,78.6,6.95,7,127.59,46.6,33793,78.6,6.95,7,2.7378,0.3049,0.98,1,1
Bengaluru,Silk Board,65.72,67.97,70388,79.46,3.07,3,65.72,67.97,70388,79.46,3.07,3,0.9669,0.6933,0.7596,1,1
Bengaluru,HSR Layout Sector 6,37.81,59.89,33601,72.55,7.66,4,37.81,59.89,33601,72.55,7.66,4,0.6313,0.2336,0.5584,1,1
Bengaluru,Bellandur Catchment,62.13,26.6,81732,64.62,4.59,4,62.13,26.6,81732,64.62,4.59,4,2.3353,0.5411,0.98,1,1
Bengaluru,Silk Board,102.54,45.44,24171,63.54,3.18,4,102.54,45.44,24171,63.54,3.18,4,2.2563,0.6821,0.98,1,1
Bengaluru,Silk Board,64.03,40.16,68521,98.71,5.12,6,64.03,40.16,68521,98.71,5.12,6,1.5947,0.4875,0.98,1,1
Bengaluru,Bellandur Catchment,119.71,73.25,45099,63.97,5.78,4,119.71,73.25,45099,63.97,5.78,4,1.6342,0.4217,0.9435,1,1
Bengaluru,Silk Board,14.73,26.98,79789,93.8,4.55,6,14.73,26.98,79789,93.8,4.55,6,0.5461,0.5446,0.6892,1,1
Bengaluru,HSR Layout Sector 6,80.54,53.42,81668,73.77,7.92,3,80.54,53.42,81668,73.77,7.92,3,1.5077,0.2082,0.9077,1,1
Bengaluru,HSR Layout Sector 6,58.75,66.97,58798,78.58,5.74,5,58.75,66.97,58798,78.58,5.74,5,0.8773,0.4264,0.6707,1,1
Bengaluru,HSR Layout Sector 6,50.32,72.03,75315,84.81,5.0,3,50.32,72.03,75315,84.81,5.0,3,0.6986,0.4996,0.6026,1,1
Bengaluru,Mahadevapura,116.95,50.3,60095,61.86,7.0,6,116.95,50.3,60095,61.86,7.0,6,2.325,0.3003,0.98,1,1
Bengaluru,Mahadevapura,72.7,50.48,22415,71.31,8.12,7,72.7,50.48,22415,71.31,8.12,7,1.4402,0.1879,0.929,1,1
Bengaluru,Silk Board,103.09,25.0,18832,62.39,4.99,2,103.09,25.0,18832,62.39,4.99,2,4.1235,0.5008,0.98,1,1
Bengaluru,Mahadevapura,117.34,27.85,35466,85.86,7.08,6,117.34,27.85,35466,85.86,7.08,6,4.2126,0.292,0.98,1,1
Bengaluru,Silk Board,61.39,41.66,50517,91.9,4.39,4,61.39,41.66,50517,91.9,4.39,4,1.4736,0.561,0.9768,1,1
Bengaluru,Mahadevapura,131.54,47.32,42127,89.74,5.98,2,131.54,47.32,42127,89.74,5.98,2,2.7801,0.4016,0.98,1,1
Bengaluru,HSR Layout Sector 6,19.54,54.95,18273,60.81,4.48,7,19.54,54.95,18273,60.81,4.48,7,0.3556,0.552,0.4696,0,0
Bengaluru,Bellandur Catchment,68.6,44.89,47920,65.07,6.08,2,68.6,44.89,47920,65.07,6.08,2,1.5279,0.3919,0.9277,1,1
Bengaluru,Silk Board,96.15,34.46,48872,96.38,7.55,4,96.15,34.46,48872,96.38,7.55,4,2.7899,0.2449,0.98,1,1
Bengaluru,Bellandur Catchment,98.64,72.39,34873,91.48,4.07,6,98.64,72.39,34873,91.48,4.07,6,1.3626,0.5926,0.9668,1,1
Bengaluru,Bellandur Catchment,50.81,78.82,16538,64.64,7.21,6,50.81,78.82,16538,64.64,7.21,6,0.6446,0.2794,0.5165,0,0
Bengaluru,Mahadevapura,68.67,52.87,48919,95.36,3.09,4,68.67,52.87,48919,95.36,3.09,4,1.299,0.6912,0.9733,1,1
Bengaluru,HSR Layout Sector 6,25.12,68.87,41400,97.84,5.41,5,25.12,68.87,41400,97.84,5.41,5,0.3648,0.4593,0.4895,0,0
Bengaluru,Bellandur Catchment,76.45,78.19,25578,76.75,4.7,7,76.45,78.19,25578,76.75,4.7,7,0.9777,0.5301,0.8694,1,1
Bengaluru,HSR Layout Sector 6,31.8,69.0,28794,97.15,4.25,4,31.8,69.0,28794,97.15,4.25,4,0.4608,0.5753,0.4875,0,0
Bengaluru,HSR Layout Sector 6,109.28,52.58,58526,72.2,8.14,3,109.28,52.58,58526,72.2,8.14,3,2.0781,0.1856,0.98,1,1
Bengaluru,HSR Layout Sector 6,129.4,59.54,68747,86.29,3.29,2,129.4,59.54,68747,86.29,3.29,2,2.1733,0.6715,0.98,1,1
Bengaluru,Silk Board,52.92,59.17,34552,76.79,7.83,6,52.92,59.17,34552,76.79,7.83,6,0.8944,0.2171,0.6403,1,1
Bengaluru,Bellandur Catchment,40.05,44.57,41049,68.01,5.1,2,40.05,44.57,41049,68.01,5.1,2,0.8986,0.4902,0.7141,1,1
Bengaluru,Mahadevapura,24.13,67.95,37931,70.84,4.52,3,24.13,67.95,37931,70.84,4.52,3,0.3551,0.548,0.4831,0,0
Bengaluru,Silk Board,129.21,28.71,70312,64.02,6.01,5,129.21,28.71,70312,64.02,6.01,5,4.5002,0.3987,0.98,1,1
Bengaluru,Bellandur Catchment,80.79,36.24,43230,70.31,4.13,2,80.79,36.24,43230,70.31,4.13,2,2.2291,0.5871,0.98,1,1
Bengaluru,Mahadevapura,42.65,40.81,19117,65.61,6.27,4,42.65,40.81,19117,65.61,6.27,4,1.0452,0.3726,0.6773,1,1
Bengaluru,HSR Layout Sector 6,65.7,30.07,31193,70.43,3.08,4,65.7,30.07,31193,70.43,3.08,4,2.1851,0.6917,0.98,1,1
Bengaluru,Bellandur Catchment,40.51,62.18,60800,80.5,4.37,3,40.51,62.18,60800,80.5,4.37,3,0.6515,0.5628,0.5985,1,1
Bengaluru,Bellandur Catchment,86.02,45.55,70276,75.92,3.08,5,86.02,45.55,70276,75.92,3.08,5,1.8888,0.6915,0.98,1,1
Bengaluru,Mahadevapura,40.78,49.76,16920,68.6,6.99,7,40.78,49.76,16920,68.6,6.99,7,0.8194,0.3009,0.6385,1,1
Kolkata,Park Street Canal,99.45,37.41,108513,49.35,6.12,3,99.45,37.41,108513,49.35,6.12,3,2.6584,0.3884,0.98,1,1
Kolkata,Park Street Canal,124.39,51.78,32426,79.0,2.05,6,124.39,51.78,32426,79.0,2.05,6,2.4024,0.795,0.98,1,1
Kolkata,Central Avenue,104.01,24.18,40278,54.37,6.83,6,104.01,24.18,40278,54.37,6.83,6,4.3013,0.3174,0.98,1,1
Kolkata,Ultadanga Subway,18.75,31.02,51869,57.73,3.36,5,18.75,31.02,51869,57.73,3.36,5,0.6044,0.6638,0.6528,1,1
Kolkata,Central Avenue,90.83,41.77,64397,89.72,6.61,8,90.83,41.77,64397,89.72,6.61,8,2.1748,0.3388,0.98,1,1
Kolkata,Ultadanga Subway,119.52,56.97,44924,81.98,4.19,8,119.52,56.97,44924,81.98,4.19,8,2.0979,0.5814,0.98,1,1
Kolkata,Central Avenue,52.02,49.68,53248,88.28,5.21,3,52.02,49.68,53248,88.28,5.21,3,1.047,0.4786,0.8092,1,1
Kolkata,Ultadanga Subway,49.14,31.58,48257,82.01,4.5,7,49.14,31.58,48257,82.01,4.5,7,1.5562,0.5501,0.98,1,1
Kolkata,Central Avenue,69.31,34.91,68506,89.01,2.35,4,69.31,34.91,68506,89.01,2.35,4,1.985,0.7648,0.98,1,1
Kolkata,Ultadanga Subway,52.13,34.98,37352,54.45,5.25,7,52.13,34.98,37352,54.45,5.25,7,1.4905,0.4754,0.9297,1,1
Kolkata,Park Street Canal,28.38,49.4,43261,45.54,4.25,8,28.38,49.4,43261,45.54,4.25,8,0.5746,0.5752,0.5567,1,1
Kolkata,Central Avenue,29.21,38.24,65529,89.3,6.11,5,29.21,38.24,65529,89.3,6.11,5,0.7638,0.3893,0.683,1,1
Kolkata,Ultadanga Subway,117.34,15.36,32187,56.75,4.83,3,117.34,15.36,32187,56.75,4.83,3,7.6403,0.5167,0.98,1,1
Kolkata,MG Road,109.3,18.45,99463,82.1,3.69,7,109.3,18.45,99463,82.1,3.69,7,5.9246,0.6307,0.98,1,1
Kolkata,Central Avenue,49.48,25.43,53408,49.82,4.16,5,49.48,25.43,53408,49.82,4.16,5,1.9457,0.584,0.98,1,1
Kolkata,MG Road,78.9,23.72,62854,84.38,6.72,5,78.9,23.72,62854,84.38,6.72,5,3.3257,0.3277,0.98,1,1
Kolkata,MG Road,35.37,45.31,53199,77.62,3.26,7,35.37,45.31,53199,77.62,3.26,7,0.7805,0.6737,0.7152,1,1
Kolkata,MG Road,109.06,53.83,71605,82.1,3.63,8,109.06,53.83,71605,82.1,3.63,8,2.0259,0.6368,0.98,1,1
Kolkata,Park Street Canal,88.93,20.33,76313,73.56,3.35,8,88.93,20.33,76313,73.56,3.35,8,4.3747,0.6651,0.98,1,1
Kolkata,Ultadanga Subway,44.74,24.88,84935,73.97,5.06,3,44.74,24.88,84935,73.97,5.06,3,1.7984,0.4937,0.98,1,1
Kolkata,Central Avenue,67.31,48.91,60049,64.36,6.79,4,67.31,48.91,60049,64.36,6.79,4,1.3761,0.3212,0.7768,1,1
Kolkata,MG Road,82.63,20.19,101088,68.3,7.13,4,82.63,20.19,101088,68.3,7.13,4,4.092,0.2868,0.98,1,1
Kolkata,Central Avenue,128.75,24.19,30192,45.85,6.36,3,128.75,24.19,30192,45.85,6.36,3,5.3215,0.364,0.98,1,1
Kolkata,Ultadanga Subway,75.23,40.23,66468,55.43,5.93,3,75.23,40.23,66468,55.43,5.93,3,1.87,0.4069,0.98,1,1
Kolkata,Park Street Canal,121.19,51.96,44671,54.56,2.7,8,121.19,51.96,44671,54.56,2.7,8,2.3322,0.7299,0.98,1,1
Kolkata,MG Road,82.51,37.98,79810,85.18,6.85,5,82.51,37.98,79810,85.18,6.85,5,2.1727,0.3146,0.98,1,1
Kolkata,MG Road,117.05,55.58,81759,54.77,2.23,8,117.05,55.58,81759,54.77,2.23,8,2.106,0.7769,0.98,1,1
Kolkata,Park Street Canal,38.08,48.44,55307,70.64,7.4,4,38.08,48.44,55307,70.64,7.4,4,0.7861,0.2601,0.6458,1,1
Kolkata,Ultadanga Subway,44.41,57.41,56946,55.35,3.93,5,44.41,57.41,56946,55.35,3.93,5,0.7734,0.6072,0.6303,1,1
Kolkata,Ultadanga Subway,61.94,35.89,32890,75.87,5.9,5,61.94,35.89,32890,75.87,5.9,5,1.7257,0.4102,0.98,1,1
Kolkata,Park Street Canal,76.47,15.24,47889,81.32,5.02,3,76.47,15.24,47889,81.32,5.02,3,5.0178,0.4984,0.98,1,1
Kolkata,Park Street Canal,112.35,41.27,64660,69.49,3.93,4,112.35,41.27,64660,69.49,3.93,4,2.7224,0.6074,0.98,1,1
Kolkata,Ultadanga Subway,36.57,23.77,64693,80.25,7.0,5,36.57,23.77,64693,80.25,7.0,5,1.5384,0.3005,0.94,1,1
Kolkata,MG Road,98.07,55.01,74516,70.46,6.17,6,98.07,55.01,74516,70.46,6.17,6,1.7828,0.383,0.98,1,1
Kolkata,Central Avenue,64.05,41.48,68712,56.35,3.18,8,64.05,41.48,68712,56.35,3.18,8,1.544,0.6818,0.98,1,1
Kolkata,Central Avenue,130.3,37.82,51839,48.62,5.83,6,130.3,37.82,51839,48.62,5.83,6,3.4454,0.4171,0.98,1,1
Kolkata,Central Avenue,116.12,27.24,58453,70.06,5.5,5,116.12,27.24,58453,70.06,5.5,5,4.2633,0.4498,0.98,1,1
Kolkata,Central Avenue,43.58,38.79,67019,66.77,3.53,5,43.58,38.79,67019,66.77,3.53,5,1.1234,0.6468,0.7799,1,1
Kolkata,Ultadanga Subway,113.65,51.97,54031,80.76,3.03,6,113.65,51.97,54031,80.76,3.03,6,2.1867,0.6968,0.98,1,1
Kolkata,Central Avenue,103.77,31.58,45899,55.21,4.55,8,103.77,31.58,45899,55.21,4.55,8,3.2863,0.5448,0.98,1,1
Kolkata,Park Street Canal,123.98,50.27,32103,54.45,4.83,7,123.98,50.27,32103,54.45,4.83,7,2.4663,0.5172,0.98,1,1
Kolkata,Ultadanga Subway,141.51,52.14,97914,83.2,5.89,8,141.51,52.14,97914,83.2,5.89,8,2.7139,0.4112,0.98,1,1
Kolkata,Park Street Canal,100.63,15.26,53386,56.35,2.22,7,100.63,15.26,53386,56.35,2.22,7,6.5956,0.7778,0.98,1,1
Kolkata,MG Road,31.52,16.01,91114,84.91,4.23,8,31.52,16.01,91114,84.91,4.23,8,1.9689,0.5767,0.98,1,1
Kolkata,Ultadanga Subway,17.0,15.77,63687,74.32,6.19,5,17.0,15.77,63687,74.32,6.19,5,1.0778,0.3807,0.7232,1,1
Kolkata,Central Avenue,86.55,43.11,106312,48.26,5.51,5,86.55,43.11,106312,48.26,5.51,5,2.0078,0.4489,0.98,1,1
Kolkata,Ultadanga Subway,88.51,40.63,41094,88.62,7.11,6,88.51,40.63,41094,88.62,7.11,6,2.1787,0.289,0.98,1,1
Kolkata,MG Road,95.4,36.12,52164,91.11,5.57,3,95.4,36.12,52164,91.11,5.57,3,2.6414,0.4428,0.98,1,1
Kolkata,Central Avenue,21.78,35.46,82113,62.03,6.75,5,21.78,35.46,82113,62.03,6.75,5,0.614,0.325,0.5503,1,1
Kolkata,MG Road,95.22,17.45,30570,77.77,5.57,4,95.22,17.45,30570,77.77,5.57,4,5.4574,0.4432,0.98,1,1
Kolkata,Ultadanga Subway,91.11,23.07,91845,66.39,5.67,7,91.11,23.07,91845,66.39,5.67,7,3.9492,0.4327,0.98,1,1
Kolkata,Central Avenue,36.56,15.86,42192,73.66,5.85,6,36.56,15.86,42192,73.66,5.85,6,2.3047,0.4152,0.98,1,1
Kolkata,Central Avenue,83.06,36.98,35213,86.44,5.21,3,83.06,36.98,35213,86.44,5.21,3,2.246,0.4785,0.98,1,1
Kolkata,Central Avenue,96.61,18.54,54519,49.46,5.27,6,96.61,18.54,54519,49.46,5.27,6,5.2121,0.4733,0.98,1,1
Kolkata,Central Avenue,131.29,42.73,69350,86.5,5.62,7,131.29,42.73,69350,86.5,5.62,7,3.0723,0.4375,0.98,1,1
Kolkata,Ultadanga Subway,127.53,23.85,33327,82.72,7.48,6,127.53,23.85,33327,82.72,7.48,6,5.3475,0.2515,0.98,1,1
Kolkata,Ultadanga Subway,138.62,35.93,57230,81.47,2.7,6,138.62,35.93,57230,81.47,2.7,6,3.8585,0.7296,0.98,1,1
Kolkata,Ultadanga Subway,70.29,32.82,65903,86.92,3.68,8,70.29,32.82,65903,86.92,3.68,8,2.1419,0.6317,0.98,1,1
Kolkata,Park Street Canal,36.35,36.37,99681,57.62,2.56,6,36.35,36.37,99681,57.62,2.56,6,0.9994,0.7445,0.821,1,1
Kolkata,Ultadanga Subway,33.7,58.79,95149,52.8,2.63,6,33.7,58.79,95149,52.8,2.63,6,0.5733,0.7371,0.6589,1,1
Kolkata,Central Avenue,95.08,24.89,85863,51.09,3.41,3,95.08,24.89,85863,51.09,3.41,3,3.8206,0.6589,0.98,1,1
Kolkata,Park Street Canal,100.6,17.82,74825,83.02,2.81,8,100.6,17.82,74825,83.02,2.81,8,5.6466,0.7192,0.98,1,1
Kolkata,Ultadanga Subway,104.75,42.77,53741,51.45,5.19,8,104.75,42.77,53741,51.45,5.19,8,2.4488,0.4806,0.98,1,1
Kolkata,Park Street Canal,94.25,27.31,76525,86.14,4.43,4,94.25,27.31,76525,86.14,4.43,4,3.4506,0.557,0.98,1,1
Kolkata,MG Road,59.08,39.63,84219,81.52,6.74,7,59.08,39.63,84219,81.52,6.74,7,1.4909,0.3258,0.9056,1,1
Kolkata,MG Road,112.18,57.32,94729,54.17,4.69,3,112.18,57.32,94729,54.17,4.69,3,1.957,0.5308,0.98,1,1
Kolkata,Ultadanga Subway,98.58,20.27,50527,64.12,3.81,6,98.58,20.27,50527,64.12,3.81,6,4.8642,0.6195,0.98,1,1
Kolkata,Ultadanga Subway,111.83,20.67,64700,86.82,6.5,8,111.83,20.67,64700,86.82,6.5,8,5.4103,0.3502,0.98,1,1
Kolkata,Central Avenue,125.44,33.12,76151,62.49,5.64,8,125.44,33.12,76151,62.49,5.64,8,3.7869,0.4361,0.98,1,1
Kolkata,Ultadanga Subway,87.5,23.34,105485,85.15,4.7,8,87.5,23.34,105485,85.15,4.7,8,3.7494,0.5301,0.98,1,1
Kolkata,MG Road,88.23,40.14,93293,51.72,4.06,5,88.23,40.14,93293,51.72,4.06,5,2.1978,0.594,0.98,1,1
Kolkata,Central Avenue,61.66,18.92,39018,84.72,6.38,8,61.66,18.92,39018,84.72,6.38,8,3.2596,0.3622,0.98,1,1
Kolkata,Park Street Canal,46.71,26.85,83772,74.3,5.3,3,46.71,26.85,83772,74.3,5.3,3,1.7398,0.4698,0.98,1,1
Kolkata,Park Street Canal,62.82,25.44,75536,71.05,3.1,4,62.82,25.44,75536,71.05,3.1,4,2.4691,0.6903,0.98,1,1
Kolkata,Ultadanga Subway,45.24,55.88,101128,78.02,5.38,8,45.24,55.88,101128,78.02,5.38,8,0.8097,0.4616,0.761,1,1
Kolkata,Central Avenue,80.14,46.68,69519,62.66,5.89,4,80.14,46.68,69519,62.66,5.89,4,1.7167,0.4105,0.98,1,1
Kolkata,Park Street Canal,43.8,45.15,61923,68.96,4.76,6,43.8,45.15,61923,68.96,4.76,6,0.97,0.5243,0.712,1,1
Kolkata,Central Avenue,85.0,34.72,64485,91.83,6.38,5,85.0,34.72,64485,91.83,6.38,5,2.4482,0.3622,0.98,1,1
Kolkata,Ultadanga Subway,74.14,49.8,108840,73.59,3.55,8,74.14,49.8,108840,73.59,3.55,8,1.4887,0.6454,0.98,1,1
Kolkata,Park Street Canal,63.23,51.07,46061,47.61,5.13,3,63.23,51.07,46061,47.61,5.13,3,1.2382,0.4873,0.8056,1,1
Kolkata,MG Road,86.85,56.81,75397,48.11,2.11,5,86.85,56.81,75397,48.11,2.11,5,1.5288,0.7895,0.9738,1,1
Kolkata,Central Avenue,26.12,27.73,43682,61.22,2.17,5,26.12,27.73,43682,61.22,2.17,5,0.942,0.7834,0.8072,1,1
Kolkata,Central Avenue,101.17,29.29,105301,89.52,6.87,6,101.17,29.29,105301,89.52,6.87,6,3.4541,0.3133,0.98,1,1
Kolkata,Central Avenue,50.24,27.67,81257,66.41,5.73,3,50.24,27.67,81257,66.41,5.73,3,1.8154,0.427,0.98,1,1
Kolkata,Central Avenue,115.9,27.52,85021,48.71,4.44,3,115.9,27.52,85021,48.71,4.44,3,4.2121,0.5565,0.98,1,1
Kolkata,Central Avenue,58.61,52.56,85755,53.73,4.05,6,58.61,52.56,85755,53.73,4.05,6,1.1152,0.5951,0.8138,1,1
Kolkata,Ultadanga Subway,35.67,41.78,106524,66.0,4.76,4,35.67,41.78,106524,66.0,4.76,4,0.8538,0.5242,0.6996,1,1
Kolkata,Park Street Canal,74.81,44.79,105033,75.43,3.5,5,74.81,44.79,105033,75.43,3.5,5,1.6704,0.6498,0.98,1,1
Kolkata,Central Avenue,123.73,31.05,107963,87.73,3.73,3,123.73,31.05,107963,87.73,3.73,3,3.9842,0.6274,0.98,1,1
Kolkata,Central Avenue,39.21,23.31,53929,73.38,6.75,6,39.21,23.31,53929,73.38,6.75,6,1.6821,0.3253,0.98,1,1
Kolkata,MG Road,29.85,45.7,70953,59.1,5.28,8,29.85,45.7,70953,59.1,5.28,8,0.6532,0.4722,0.5933,1,1
Kolkata,MG Road,35.88,20.25,46260,61.69,2.25,6,35.88,20.25,46260,61.69,2.25,6,1.7722,0.7751,0.98,1,1
Kolkata,Central Avenue,28.44,54.29,75927,75.88,6.94,4,28.44,54.29,75927,75.88,6.94,4,0.524,0.3059,0.5641,1,1
Kolkata,Central Avenue,56.5,15.49,85798,56.94,6.29,4,56.5,15.49,85798,56.94,6.29,4,3.6485,0.371,0.98,1,1
Kolkata,Park Street Canal,26.71,41.33,106996,48.16,5.27,3,26.71,41.33,106996,48.16,5.27,3,0.6462,0.4728,0.6732,1,1
Kolkata,Park Street Canal,19.12,44.64,48395,55.48,6.8,7,19.12,44.64,48395,55.48,6.8,7,0.4283,0.3198,0.3805,0,0
Kolkata,MG Road,46.27,34.06,71574,90.58,4.37,4,46.27,34.06,71574,90.58,4.37,4,1.3586,0.5628,0.98,1,1
Kolkata,Ultadanga Subway,29.69,16.23,84710,55.26,7.44,3,29.69,16.23,84710,55.26,7.44,3,1.83,0.2558,0.98,1,1
Kolkata,Central Avenue,129.01,48.53,73618,61.49,3.99,3,129.01,48.53,73618,61.49,3.99,3,2.6583,0.6006,0.98,1,1
Kolkata,MG Road,85.78,22.02,108672,61.84,7.02,5,85.78,22.02,108672,61.84,7.02,5,3.8952,0.2979,0.98,1,1
Kolkata,MG Road,88.21,49.28,79420,66.58,3.67,5,88.21,49.28,79420,66.58,3.67,5,1.7898,0.6332,0.98,1,1
Kolkata,Park Street Canal,30.07,57.02,95942,69.98,2.18,7,30.07,57.02,95942,69.98,2.18,7,0.5273,0.782,0.6049,1,1
Kolkata,Ultadanga Subway,98.36,58.7,35368,78.59,2.38,6,98.36,58.7,35368,78.59,2.38,6,1.6757,0.7624,0.98,1,1
Kolkata,Ultadanga Subway,80.06,49.81,45086,76.1,2.42,5,80.06,49.81,45086,76.1,2.42,5,1.6073,0.7578,0.98,1,1
Kolkata,Central Avenue,120.87,51.66,92780,65.59,6.95,4,120.87,51.66,92780,65.59,6.95,4,2.3398,0.3054,0.98,1,1
Kolkata,MG Road,71.4,48.75,91381,76.76,5.62,8,71.4,48.75,91381,76.76,5.62,8,1.4646,0.438,0.98,1,1
Kolkata,Park Street Canal,130.22,22.03,35313,71.18,3.27,5,130.22,22.03,35313,71.18,3.27,5,5.9103,0.6727,0.98,1,1
Kolkata,Ultadanga Subway,136.68,24.92,82999,47.36,4.56,4,136.68,24.92,82999,47.36,4.56,4,5.4848,0.5445,0.98,1,1
Kolkata,Central Avenue,110.55,38.91,68084,81.71,4.19,4,110.55,38.91,68084,81.71,4.19,4,2.8414,0.581,0.98,1,1
Kolkata,Ultadanga Subway,128.49,44.61,40589,70.39,6.65,8,128.49,44.61,40589,70.39,6.65,8,2.8801,0.3354,0.98,1,1
Kolkata,Central Avenue,46.9,52.99,80599,70.73,3.51,4,46.9,52.99,80599,70.73,3.51,4,0.8851,0.6491,0.7265,1,1
Kolkata,Park Street Canal,42.33,54.8,108270,57.78,2.04,3,42.33,54.8,108270,57.78,2.04,3,0.7725,0.7965,0.6712,1,1
Kolkata,MG Road,107.5,30.56,79877,83.56,4.42,3,107.5,30.56,79877,83.56,4.42,3,3.5176,0.5577,0.98,1,1
Kolkata,Park Street Canal,63.55,42.87,57386,81.67,7.49,6,63.55,42.87,57386,81.67,7.49,6,1.4823,0.2513,0.98,1,1
Kolkata,MG Road,53.67,23.91,108537,74.27,3.22,6,53.67,23.91,108537,74.27,3.22,6,2.2443,0.6775,0.98,1,1
Kolkata,Park Street Canal,131.45,49.93,64785,53.03,4.3,3,131.45,49.93,64785,53.03,4.3,3,2.6326,0.57,0.98,1,1
Kolkata,Central Avenue,64.92,19.51,55933,52.5,3.85,4,64.92,19.51,55933,52.5,3.85,4,3.3276,0.6154,0.98,1,1
Kolkata,Ultadanga Subway,44.84,52.36,70149,90.81,2.75,8,44.84,52.36,70149,90.81,2.75,8,0.8565,0.7255,0.7814,1,1
Kolkata,Ultadanga Subway,68.34,15.44,91922,46.35,5.21,8,68.34,15.44,91922,46.35,5.21,8,4.4274,0.4792,0.98,1,1
Kolkata,MG Road,115.0,28.79,52831,77.79,4.0,6,115.0,28.79,52831,77.79,4.0,6,3.9944,0.5997,0.98,1,1
Kolkata,Ultadanga Subway,82.99,40.47,109943,87.5,4.06,8,82.99,40.47,109943,87.5,4.06,8,2.0505,0.5939,0.98,1,1
Kolkata,Ultadanga Subway,21.42,34.18,58202,82.87,3.23,6,21.42,34.18,58202,82.87,3.23,6,0.6268,0.6766,0.6458,1,1
Kolkata,MG Road,94.56,27.93,52927,60.6,5.65,6,94.56,27.93,52927,60.6,5.65,6,3.3856,0.4355,0.98,1,1
Kolkata,Park Street Canal,111.4,47.74,99518,63.54,4.91,5,111.4,47.74,99518,63.54,4.91,5,2.3336,0.5085,0.98,1,1
Kolkata,MG Road,111.54,21.93,109507,79.49,3.91,4,111.54,21.93,109507,79.49,3.91,4,5.0872,0.6094,0.98,1,1
Kolkata,Central Avenue,30.95,22.71,50323,72.49,3.86,4,30.95,22.71,50323,72.49,3.86,4,1.3628,0.6144,0.9478,1,1
Kolkata,MG Road,58.79,30.18,96467,50.74,2.61,8,58.79,30.18,96467,50.74,2.61,8,1.9481,0.7389,0.98,1,1
Kolkata,Central Avenue,126.14,50.57,71347,49.96,2.25,8,126.14,50.57,71347,49.96,2.25,8,2.4942,0.7751,0.98,1,1
Kolkata,Park Street Canal,49.37,18.66,69560,52.34,7.44,5,49.37,18.66,69560,52.34,7.44,5,2.6465,0.2564,0.98,1,1
Kolkata,Central Avenue,115.81,44.67,106216,68.83,5.51,7,115.81,44.67,106216,68.83,5.51,7,2.5924,0.4492,0.98,1,1
Kolkata,Central Avenue,69.29,29.86,68751,84.98,3.11,7,69.29,29.86,68751,84.98,3.11,7,2.3203,0.6892,0.98,1,1
Kolkata,Ultadanga Subway,102.51,52.05,63654,49.68,5.32,4,102.51,52.05,63654,49.68,5.32,4,1.9696,0.4682,0.98,1,1
Kolkata,Ultadanga Subway,140.98,28.23,51684,80.97,3.39,6,140.98,28.23,51684,80.97,3.39,6,4.9934,0.6608,0.98,1,1
Kolkata,Park Street Canal,22.75,27.95,71777,76.67,6.66,6,22.75,27.95,71777,76.67,6.66,6,0.8138,0.3342,0.6276,1,1
Kolkata,Park Street Canal,43.74,46.16,63783,80.11,3.2,7,43.74,46.16,63783,80.11,3.2,7,0.9476,0.6797,0.7919,1,1
Kolkata,Central Avenue,31.63,42.27,89754,50.33,7.48,4,31.63,42.27,89754,50.33,7.48,4,0.7484,0.2517,0.5136,0,0
Kolkata,MG Road,74.1,15.62,99345,84.57,4.65,4,74.1,15.62,99345,84.57,4.65,4,4.7451,0.5345,0.98,1,1
Kolkata,MG Road,100.45,47.59,93477,58.91,5.65,8,100.45,47.59,93477,58.91,5.65,8,2.1107,0.4349,0.98,1,1
Kolkata,MG Road,88.26,40.38,46663,62.05,5.01,7,88.26,40.38,46663,62.05,5.01,7,2.186,0.4993,0.98,1,1
Kolkata,Central Avenue,31.19,51.01,40553,64.11,2.79,6,31.19,51.01,40553,64.11,2.79,6,0.6115,0.7212,0.5457,0,0
Kolkata,MG Road,101.31,57.57,103922,56.92,6.16,5,101.31,57.57,103922,56.92,6.16,5,1.7599,0.384,0.98,1,1
Kolkata,MG Road,99.05,43.52,101117,65.79,2.23,6,99.05,43.52,101117,65.79,2.23,6,2.2762,0.7766,0.98,1,1
Kolkata,Central Avenue,31.18,20.68,55256,66.65,4.74,7,31.18,20.68,55256,66.65,4.74,7,1.5074,0.5256,0.9496,1,1
Delhi,Yamuna Floodplain,137.88,55.47,76063,85.87,3.59,3,137.88,55.47,76063,85.87,3.59,3,2.4857,0.6409,0.98,1,1
Delhi,ITO Lowlands,87.26,66.81,63298,91.34,5.77,9,87.26,66.81,63298,91.34,5.77,9,1.3061,0.4234,0.9593,1,1
Delhi,Yamuna Floodplain,64.92,56.64,41316,67.88,4.2,9,64.92,56.64,41316,67.88,4.2,9,1.1461,0.5799,0.8127,1,1
Delhi,Nizamuddin Drain,35.3,74.3,70519,68.62,3.44,5,35.3,74.3,70519,68.62,3.44,5,0.475,0.6562,0.5542,1,1
Delhi,Nizamuddin Drain,93.33,64.69,46681,71.92,4.59,4,93.33,64.69,46681,71.92,4.59,4,1.4428,0.5408,0.98,1,1
Delhi,Yamuna Floodplain,109.34,40.06,67291,55.9,5.89,6,109.34,40.06,67291,55.9,5.89,6,2.7295,0.4108,0.98,1,1
Delhi,Nizamuddin Drain,110.19,61.44,36626,73.0,6.65,7,110.19,61.44,36626,73.0,6.65,7,1.7934,0.3349,0.98,1,1
Delhi,Yamuna Floodplain,50.69,44.37,62932,86.64,4.16,6,50.69,44.37,62932,86.64,4.16,6,1.1425,0.5837,0.9171,1,1
Delhi,Nizamuddin Drain,147.78,25.94,45625,63.71,4.39,3,147.78,25.94,45625,63.71,4.39,3,5.6964,0.5611,0.98,1,1
Delhi,Minto Bridge Underpass,19.54,22.65,66121,87.72,3.21,5,19.54,22.65,66121,87.72,3.21,5,0.8628,0.6792,0.7246,1,1
Delhi,Minto Bridge Underpass,108.57,33.88,24837,80.04,3.77,5,108.57,33.88,24837,80.04,3.77,5,3.2049,0.623,0.98,1,1
Delhi,ITO Lowlands,137.79,24.11,80739,58.74,6.51,8,137.79,24.11,80739,58.74,6.51,8,5.7162,0.3491,0.98,1,1
Delhi,Nizamuddin Drain,61.28,70.12,53367,92.51,7.88,7,61.28,70.12,53367,92.51,7.88,7,0.8739,0.2124,0.6479,1,1
Delhi,ITO Lowlands,99.82,71.19,99878,70.89,5.06,8,99.82,71.19,99878,70.89,5.06,8,1.4023,0.4939,0.98,1,1
Delhi,Yamuna Floodplain,45.88,26.62,60475,76.67,4.73,3,45.88,26.62,60475,76.67,4.73,3,1.7231,0.5272,0.98,1,1
Delhi,Nizamuddin Drain,33.75,23.36,40827,95.9,5.26,8,33.75,23.36,40827,95.9,5.26,8,1.4445,0.4741,0.98,1,1
Delhi,Nizamuddin Drain,67.3,26.33,34327,95.35,3.0,5,67.3,26.33,34327,95.35,3.0,5,2.5558,0.6999,0.98,1,1
Delhi,Nizamuddin Drain,66.76,45.05,75512,93.26,6.24,4,66.76,45.05,75512,93.26,6.24,4,1.4821,0.3756,0.98,1,1
Delhi,Yamuna Floodplain,31.65,46.26,20390,74.16,3.56,5,31.65,46.26,20390,74.16,3.56,5,0.6843,0.6444,0.5817,1,1
Delhi,Yamuna Floodplain,106.61,22.09,37027,59.61,3.29,3,106.61,22.09,37027,59.61,3.29,3,4.8253,0.6707,0.98,1,1
Delhi,Minto Bridge Underpass,95.12,67.96,89922,55.36,4.27,6,95.12,67.96,89922,55.36,4.27,6,1.3997,0.5729,0.9298,1,1
Delhi,Minto Bridge Underpass,94.77,28.16,20507,90.42,5.79,5,94.77,28.16,20507,90.42,5.79,5,3.3653,0.4208,0.98,1,1
Delhi,Minto Bridge Underpass,63.13,53.79,72774,93.22,6.78,9,63.13,53.79,72774,93.22,6.78,9,1.1736,0.3224,0.8258,1,1
Delhi,ITO Lowlands,78.19,54.66,59133,66.55,4.53,9,78.19,54.66,59133,66.55,4.53,9,1.4306,0.5465,0.98,1,1
Delhi,Minto Bridge Underpass,107.02,37.77,95609,94.66,3.89,8,107.02,37.77,95609,94.66,3.89,8,2.8335,0.6114,0.98,1,1
Delhi,Minto Bridge Underpass,83.83,51.94,60696,91.17,3.75,6,83.83,51.94,60696,91.17,3.75,6,1.6141,0.6254,0.98,1,1
Delhi,ITO Lowlands,98.36,38.8,37653,53.96,7.07,3,98.36,38.8,37653,53.96,7.07,3,2.5351,0.2928,0.98,1,1
Delhi,ITO Lowlands,102.09,40.95,38690,58.71,5.3,8,102.09,40.95,38690,58.71,5.3,8,2.4928,0.4703,0.98,1,1
Delhi,Yamuna Floodplain,139.49,65.95,90211,59.17,4.32,4,139.49,65.95,90211,59.17,4.32,4,2.1153,0.5678,0.98,1,1
Delhi,Nizamuddin Drain,143.76,45.64,75798,77.53,5.07,9,143.76,45.64,75798,77.53,5.07,9,3.1501,0.4929,0.98,1,1
Delhi,ITO Lowlands,33.54,42.83,98002,78.78,5.86,7,33.54,42.83,98002,78.78,5.86,7,0.7831,0.4142,0.7224,1,1
Delhi,Yamuna Floodplain,119.21,48.79,97606,67.2,6.13,5,119.21,48.79,97606,67.2,6.13,5,2.4434,0.3873,0.98,1,1
Delhi,Minto Bridge Underpass,30.44,60.83,93762,52.35,4.99,7,30.44,60.83,93762,52.35,4.99,7,0.5005,0.5011,0.519,0,0
Delhi,Minto Bridge Underpass,82.31,23.41,49831,76.4,5.83,3,82.31,23.41,49831,76.4,5.83,3,3.5159,0.417,0.98,1,1
Delhi,Nizamuddin Drain,46.91,26.24,26470,54.51,3.22,3,46.91,26.24,26470,54.51,3.22,3,1.7874,0.678,0.98,1,1
Delhi,Nizamuddin Drain,16.52,72.03,29837,70.9,5.26,4,16.52,72.03,29837,70.9,5.26,4,0.2293,0.4742,0.4062,0,0
Delhi,Nizamuddin Drain,150.72,63.81,78861,73.85,4.23,3,150.72,63.81,78861,73.85,4.23,3,2.3621,0.5771,0.98,1,1
Delhi,Yamuna Floodplain,145.7,27.84,85066,75.52,3.38,6,145.7,27.84,85066,75.52,3.38,6,5.2335,0.6616,0.98,1,1
Delhi,Minto Bridge Underpass,105.87,55.3,66751,72.52,5.08,6,105.87,55.3,66751,72.52,5.08,6,1.9145,0.4923,0.98,1,1
Delhi,Yamuna Floodplain,24.07,72.62,99823,94.31,3.57,7,24.07,72.62,99823,94.31,3.57,7,0.3315,0.6426,0.5747,1,1
Delhi,Yamuna Floodplain,34.24,22.8,45425,86.69,6.39,9,34.24,22.8,45425,86.69,6.39,9,1.5015,0.3612,0.98,1,1
Delhi,Nizamuddin Drain,20.4,35.43,89322,88.81,4.62,4,20.4,35.43,89322,88.81,4.62,4,0.5758,0.5375,0.5841,1,1
Delhi,ITO Lowlands,147.51,60.16,29943,68.37,5.05,9,147.51,60.16,29943,68.37,5.05,9,2.4518,0.4952,0.98,1,1
Delhi,Minto Bridge Underpass,57.79,60.2,22962,74.01,3.34,8,57.79,60.2,22962,74.01,3.34,8,0.96,0.666,0.7769,1,1
Delhi,Yamuna Floodplain,146.88,68.96,91138,71.14,6.38,8,146.88,68.96,91138,71.14,6.38,8,2.13,0.3621,0.98,1,1
Delhi,Nizamuddin Drain,100.49,62.29,28876,56.12,3.79,9,100.49,62.29,28876,56.12,3.79,9,1.6133,0.6206,0.98,1,1
Delhi,ITO Lowlands,135.78,69.89,91576,68.82,4.77,5,135.78,69.89,91576,68.82,4.77,5,1.9429,0.5228,0.98,1,1
Delhi,Minto Bridge Underpass,94.23,71.63,23729,76.48,3.81,3,94.23,71.63,23729,76.48,3.81,3,1.3156,0.6193,0.9631,1,1
Delhi,Minto Bridge Underpass,89.15,51.37,23159,84.14,3.13,4,89.15,51.37,23159,84.14,3.13,4,1.7355,0.6874,0.98,1,1
Delhi,Minto Bridge Underpass,47.35,58.22,54924,68.97,3.98,7,47.35,58.22,54924,68.97,3.98,7,0.8132,0.6021,0.7042,1,1
Delhi,Yamuna Floodplain,73.0,37.45,32021,69.28,6.0,3,73.0,37.45,32021,69.28,6.0,3,1.9491,0.4004,0.98,1,1
Delhi,Yamuna Floodplain,80.96,35.71,20901,51.1,5.92,5,80.96,35.71,20901,51.1,5.92,5,2.2672,0.4076,0.98,1,1
Delhi,Minto Bridge Underpass,92.06,23.35,91186,78.78,5.75,7,92.06,23.35,91186,78.78,5.75,7,3.9427,0.4247,0.98,1,1
Delhi,Yamuna Floodplain,38.07,21.24,24603,55.6,5.94,4,38.07,21.24,24603,55.6,5.94,4,1.7923,0.406,0.98,1,1
Delhi,Yamuna Floodplain,125.85,43.63,73775,63.6,4.28,4,125.85,43.63,73775,63.6,4.28,4,2.8844,0.5721,0.98,1,1
Delhi,Nizamuddin Drain,123.07,41.16,60581,77.12,3.34,3,123.07,41.16,60581,77.12,3.34,3,2.99,0.6663,0.98,1,1
Delhi,Nizamuddin Drain,35.36,59.77,67645,82.89,5.89,6,35.36,59.77,67645,82.89,5.89,6,0.5916,0.4105,0.6383,1,1
Delhi,Nizamuddin Drain,102.86,56.79,66216,63.5,4.33,9,102.86,56.79,66216,63.5,4.33,9,1.8113,0.567,0.98,1,1
Delhi,Minto Bridge Underpass,89.71,58.89,23332,75.97,6.32,4,89.71,58.89,23332,75.97,6.32,4,1.5234,0.3685,0.8993,1,1
Delhi,Yamuna Floodplain,135.8,22.71,27533,52.63,3.69,5,135.8,22.71,27533,52.63,3.69,5,5.9807,0.6312,0.98,1,1
Delhi,Minto Bridge Underpass,139.16,21.35,78531,73.0,6.37,4,139.16,21.35,78531,73.0,6.37,4,6.5169,0.3626,0.98,1,1
Delhi,Nizamuddin Drain,39.99,73.71,33798,53.85,4.93,4,39.99,73.71,33798,53.85,4.93,4,0.5425,0.507,0.4999,0,0
Delhi,Minto Bridge Underpass,136.74,28.33,20798,94.42,4.97,3,136.74,28.33,20798,94.42,4.97,3,4.8274,0.5032,0.98,1,1
Delhi,Minto Bridge Underpass,82.14,37.17,49265,59.5,4.57,7,82.14,37.17,49265,59.5,4.57,7,2.2097,0.5434,0.98,1,1
Delhi,Minto Bridge Underpass,66.95,20.37,20893,59.14,6.92,3,66.95,20.37,20893,59.14,6.92,3,3.2861,0.3083,0.98,1,1
Delhi,Minto Bridge Underpass,119.42,27.87,25586,93.99,4.88,5,119.42,27.87,25586,93.99,4.88,5,4.2844,0.5117,0.98,1,1
Delhi,Yamuna Floodplain,18.93,46.74,40711,87.37,3.41,6,18.93,46.74,40711,87.37,3.41,6,0.405,0.6588,0.6558,1,1
Delhi,Yamuna Floodplain,132.79,67.15,30785,62.59,7.56,4,132.79,67.15,30785,62.59,7.56,4,1.9776,0.2441,0.98,1,1
Delhi,Minto Bridge Underpass,132.03,38.05,21462,73.03,6.23,4,132.03,38.05,21462,73.03,6.23,4,3.4699,0.3771,0.98,1,1
Delhi,Nizamuddin Drain,124.74,67.38,26221,70.49,3.42,8,124.74,67.38,26221,70.49,3.42,8,1.8514,0.6579,0.98,1,1
Delhi,Nizamuddin Drain,43.69,71.9,42706,93.5,4.56,5,43.69,71.9,42706,93.5,4.56,5,0.6077,0.5435,0.5776,1,1
Delhi,ITO Lowlands,46.08,68.02,40213,64.13,7.3,3,46.08,68.02,40213,64.13,7.3,3,0.6775,0.2702,0.5257,0,0
Delhi,Minto Bridge Underpass,41.13,24.85,88694,57.74,7.18,7,41.13,24.85,88694,57.74,7.18,7,1.6554,0.2818,0.98,1,1
Delhi,Yamuna Floodplain,83.09,53.24,31695,88.12,7.15,6,83.09,53.24,31695,88.12,7.15,6,1.5607,0.2852,0.98,1,1
Delhi,Minto Bridge Underpass,25.07,66.14,54159,82.06,4.81,3,25.07,66.14,54159,82.06,4.81,3,0.3791,0.5185,0.4413,0,0
Delhi,ITO Lowlands,68.31,68.75,90990,53.26,4.75,4,68.31,68.75,90990,53.26,4.75,4,0.9936,0.5251,0.7309,1,1
Delhi,Nizamuddin Drain,43.33,58.24,67662,89.72,3.66,7,43.33,58.24,67662,89.72,3.66,7,0.744,0.6339,0.7395,1,1
Delhi,ITO Lowlands,46.56,49.02,43649,57.7,5.31,9,46.56,49.02,43649,57.7,5.31,9,0.9498,0.4687,0.7357,1,1
Delhi,Minto Bridge Underpass,27.43,42.87,73639,68.25,5.37,7,27.43,42.87,73639,68.25,5.37,7,0.6398,0.463,0.6541,1,1
Delhi,Yamuna Floodplain,76.92,42.59,34626,91.17,7.27,3,76.92,42.59,34626,91.17,7.27,3,1.8061,0.2734,0.98,1,1
Delhi,Minto Bridge Underpass,75.5,34.12,56993,92.82,6.3,8,75.5,34.12,56993,92.82,6.3,8,2.213,0.3696,0.98,1,1
Delhi,Nizamuddin Drain,63.83,51.39,46312,69.26,4.1,3,63.83,51.39,46312,69.26,4.1,3,1.242,0.5902,0.8445,1,1
Delhi,Minto Bridge Underpass,140.85,66.41,76597,87.82,6.76,5,140.85,66.41,76597,87.82,6.76,5,2.1207,0.3236,0.98,1,1
Delhi,Yamuna Floodplain,43.15,58.81,31523,61.14,3.37,5,43.15,58.81,31523,61.14,3.37,5,0.7338,0.6635,0.6194,1,1
Delhi,Nizamuddin Drain,111.67,32.9,48899,92.22,3.54,4,111.67,32.9,48899,92.22,3.54,4,3.3946,0.646,0.98,1,1
Delhi,ITO Lowlands,74.66,60.65,57052,73.41,7.31,9,74.66,60.65,57052,73.41,7.31,9,1.2311,0.2693,0.8373,1,1
Delhi,ITO Lowlands,11.42,62.79,61785,51.73,7.04,4,11.42,62.79,61785,51.73,7.04,4,0.1818,0.296,0.32,0,0
Delhi,ITO Lowlands,67.01,67.46,87356,82.49,4.73,5,67.01,67.46,87356,82.49,4.73,5,0.9933,0.5272,0.7339,1,1
Delhi,Minto Bridge Underpass,67.7,32.91,58871,53.16,7.96,8,67.7,32.91,58871,53.16,7.96,8,2.057,0.2041,0.98,1,1
Delhi,Minto Bridge Underpass,36.44,43.55,61910,60.3,4.82,7,36.44,43.55,61910,60.3,4.82,7,0.8369,0.5184,0.6619,1,1
Delhi,ITO Lowlands,149.78,64.43,78866,65.19,3.53,9,149.78,64.43,78866,65.19,3.53,9,2.3246,0.6466,0.98,1,1
Delhi,ITO Lowlands,52.62,37.62,66040,88.84,7.58,5,52.62,37.62,66040,88.84,7.58,5,1.3987,0.2421,0.8771,1,1
Delhi,Nizamuddin Drain,50.56,37.95,46081,91.83,3.95,6,50.56,37.95,46081,91.83,3.95,6,1.3323,0.6049,0.953,1,1
Delhi,Yamuna Floodplain,132.93,29.28,20060,72.21,4.06,6,132.93,29.28,20060,72.21,4.06,6,4.5392,0.5939,0.98,1,1
Delhi,Yamuna Floodplain,129.61,47.64,52016,87.7,7.44,6,129.61,47.64,52016,87.7,7.44,6,2.7208,0.2559,0.98,1,1
Delhi,ITO Lowlands,63.92,41.63,98863,57.35,6.46,4,63.92,41.63,98863,57.35,6.46,4,1.5353,0.3544,0.98,1,1
Delhi,ITO Lowlands,54.37,47.68,25269,84.02,6.23,8,54.37,47.68,25269,84.02,6.23,8,1.1403,0.3772,0.8059,1,1
Delhi,Minto Bridge Underpass,63.96,42.74,90934,93.74,4.05,9,63.96,42.74,90934,93.74,4.05,9,1.4964,0.5951,0.98,1,1
Delhi,Nizamuddin Drain,148.66,60.41,69699,58.24,4.96,3,148.66,60.41,69699,58.24,4.96,3,2.4608,0.5039,0.98,1,1
Delhi,ITO Lowlands,25.54,73.97,60860,65.76,6.14,9,25.54,73.97,60860,65.76,6.14,9,0.3453,0.3862,0.5473,0,0
Delhi,Yamuna Floodplain,30.88,71.59,81078,84.3,7.13,9,30.88,71.59,81078,84.3,7.13,9,0.4313,0.287,0.4856,0,0
Delhi,Nizamuddin Drain,142.46,54.05,55929,77.44,7.07,8,142.46,54.05,55929,77.44,7.07,8,2.6355,0.2928,0.98,1,1
Delhi,Nizamuddin Drain,28.91,30.82,25801,75.96,7.66,3,28.91,30.82,25801,75.96,7.66,3,0.9382,0.2335,0.6986,1,1
Delhi,Nizamuddin Drain,39.18,45.8,40977,71.74,4.89,4,39.18,45.8,40977,71.74,4.89,4,0.8556,0.5109,0.6754,1,1
Delhi,Minto Bridge Underpass,69.07,30.96,75739,51.17,6.45,3,69.07,30.96,75739,51.17,6.45,3,2.2308,0.355,0.98,1,1
Delhi,Nizamuddin Drain,44.43,41.27,81868,75.09,4.04,3,44.43,41.27,81868,75.09,4.04,3,1.0766,0.5965,0.8429,1,1
Delhi,Yamuna Floodplain,43.12,66.69,37272,61.3,7.06,6,43.12,66.69,37272,61.3,7.06,6,0.6465,0.2938,0.5455,0,0
Delhi,Minto Bridge Underpass,50.38,24.45,99401,57.65,7.58,4,50.38,24.45,99401,57.65,7.58,4,2.0603,0.2418,0.98,1,1
Delhi,Yamuna Floodplain,63.21,61.79,94462,50.18,5.51,9,63.21,61.79,94462,50.18,5.51,9,1.0229,0.449,0.7845,1,1
Delhi,Yamuna Floodplain,134.79,24.79,33016,81.81,4.31,3,134.79,24.79,33016,81.81,4.31,3,5.4369,0.5691,0.98,1,1
Delhi,ITO Lowlands,128.6,30.47,83456,91.84,5.84,3,128.6,30.47,83456,91.84,5.84,3,4.2208,0.4155,0.98,1,1
Delhi,Minto Bridge Underpass,72.02,66.67,39810,95.35,6.96,8,72.02,66.67,39810,95.35,6.96,8,1.0803,0.3044,0.7767,1,1
Delhi,Minto Bridge Underpass,58.51,49.95,53980,84.26,5.23,3,58.51,49.95,53980,84.26,5.23,3,1.1713,0.477,0.8906,1,1
Delhi,ITO Lowlands,93.43,45.53,31397,79.2,3.93,3,93.43,45.53,31397,79.2,3.93,3,2.052,0.6068,0.98,1,1
Delhi,ITO Lowlands,88.03,31.22,65254,72.3,3.13,6,88.03,31.22,65254,72.3,3.13,6,2.8195,0.6866,0.98,1,1
Delhi,Nizamuddin Drain,147.58,49.46,40045,61.6,5.23,4,147.58,49.46,40045,61.6,5.23,4,2.9838,0.4766,0.98,1,1
Delhi,Yamuna Floodplain,39.46,20.05,78446,65.35,4.94,6,39.46,20.05,78446,65.35,4.94,6,1.9677,0.5062,0.98,1,1
Delhi,ITO Lowlands,95.84,60.22,27489,89.36,5.09,5,95.84,60.22,27489,89.36,5.09,5,1.5915,0.4909,0.98,1,1
Delhi,ITO Lowlands,143.95,48.36,21996,91.28,3.6,6,143.95,48.36,21996,91.28,3.6,6,2.9765,0.6403,0.98,1,1
Delhi,Yamuna Floodplain,66.29,46.04,54565,59.52,7.26,7,66.29,46.04,54565,59.52,7.26,7,1.4399,0.2743,0.9509,1,1
Delhi,Nizamuddin Drain,60.92,57.42,69294,69.8,3.83,9,60.92,57.42,69294,69.8,3.83,9,1.061,0.6173,0.8398,1,1
Delhi,Minto Bridge Underpass,38.1,31.65,86708,88.48,6.52,4,38.1,31.65,86708,88.48,6.52,4,1.2039,0.3478,0.8665,1,1
Delhi,Nizamuddin Drain,115.64,36.84,44054,83.09,7.65,6,115.64,36.84,44054,83.09,7.65,6,3.1386,0.2349,0.98,1,1
Delhi,ITO Lowlands,113.83,26.67,63965,87.33,5.41,9,113.83,26.67,63965,87.33,5.41,9,4.2678,0.4589,0.98,1,1
Delhi,Nizamuddin Drain,34.97,58.91,90740,78.39,7.85,7,34.97,58.91,90740,78.39,7.85,7,0.5936,0.2151,0.54,0,0
Delhi,Yamuna Floodplain,105.34,54.29,59563,72.53,5.64,5,105.34,54.29,59563,72.53,5.64,5,1.9404,0.4357,0.98,1,1
Delhi,Nizamuddin Drain,84.26,30.87,29327,58.55,3.42,6,84.26,30.87,29327,58.55,3.42,6,2.73,0.6575,0.98,1,1
Delhi,ITO Lowlands,49.58,50.7,95057,53.21,7.47,9,49.58,50.7,95057,53.21,7.47,9,0.9778,0.2533,0.7406,1,1
Delhi,Minto Bridge Underpass,51.17,59.86,21269,89.67,4.58,4,51.17,59.86,21269,89.67,4.58,4,0.8548,0.542,0.751,1,1
Delhi,Nizamuddin Drain,56.42,57.0,93620,73.83,6.07,8,56.42,57.0,93620,73.83,6.07,8,0.9898,0.3929,0.8072,1,1
Delhi,Minto Bridge Underpass,79.14,43.6,44503,84.51,5.28,6,79.14,43.6,44503,84.51,5.28,6,1.815,0.4716,0.98,1,1
Delhi,ITO Lowlands,128.4,40.79,66825,76.53,3.6,4,128.4,40.79,66825,76.53,3.6,4,3.1479,0.6404,0.98,1,1
Delhi,Yamuna Floodplain,17.54,65.88,88159,75.19,7.72,4,17.54,65.88,88159,75.19,7.72,4,0.2663,0.2281,0.3709,0,0
Delhi,ITO Lowlands,98.19,67.34,43548,76.26,4.66,7,98.19,67.34,43548,76.26,4.66,7,1.458,0.5338,0.9203,1,1
Delhi,ITO Lowlands,62.45,25.47,61136,94.45,7.85,6,62.45,25.47,61136,94.45,7.85,6,2.4518,0.215,0.98,1,1
Delhi,Yamuna Floodplain,50.78,54.69,41341,72.17,6.79,8,50.78,54.69,41341,72.17,6.79,8,0.9285,0.3211,0.7104,1,1
Delhi,Nizamuddin Drain,55.48,70.86,66900,55.21,3.86,7,55.48,70.86,66900,55.21,3.86,7,0.783,0.614,0.6412,1,1
Delhi,Nizamuddin Drain,89.97,48.31,23659,91.69,6.72,4,89.97,48.31,23659,91.69,6.72,4,1.8623,0.3283,0.98,1,1
Delhi,Yamuna Floodplain,133.08,58.22,57860,68.13,7.25,6,133.08,58.22,57860,68.13,7.25,6,2.2857,0.2745,0.98,1,1
Delhi,Nizamuddin Drain,124.69,28.83,95148,79.84,7.5,7,124.69,28.83,95148,79.84,7.5,7,4.3247,0.2504,0.98,1,1
Delhi,Yamuna Floodplain,28.77,37.03,74633,71.91,6.35,6,28.77,37.03,74633,71.91,6.35,6,0.777,0.3651,0.6052,1,1
Delhi,Nizamuddin Drain,32.14,40.51,81465,93.43,7.98,7,32.14,40.51,81465,93.43,7.98,7,0.7934,0.2022,0.7177,1,1
Delhi,Nizamuddin Drain,46.11,44.36,62470,59.62,3.65,8,46.11,44.36,62470,59.62,3.65,8,1.0396,0.6348,0.8,1,1
Hyderabad,Madhapur Catchment,196.78,40.9,38836,59.19,3.67,2,196.78,40.9,38836,59.19,3.67,2,4.8118,0.6332,0.98,1,1
Hyderabad,Madhapur Catchment,103.1,56.73,22379,83.99,4.1,7,103.1,56.73,22379,83.99,4.1,7,1.8175,0.5898,0.98,1,1
Hyderabad,Musi River Basin,166.3,43.17,60025,65.15,6.33,2,166.3,43.17,60025,65.15,6.33,2,3.8522,0.3672,0.98,1,1
Hyderabad,Madhapur Catchment,223.37,74.88,64762,82.51,6.82,6,223.37,74.88,64762,82.51,6.82,6,2.9832,0.3177,0.98,1,1
Hyderabad,Begumpet Nala,80.34,74.15,87521,47.21,5.02,5,80.34,74.15,87521,47.21,5.02,5,1.0835,0.4975,0.7584,1,1
Hyderabad,Begumpet Nala,195.23,46.73,60292,53.49,7.76,2,195.23,46.73,60292,53.49,7.76,2,4.178,0.2235,0.98,1,1
Hyderabad,Madhapur Catchment,123.01,31.67,45675,55.73,3.76,6,123.01,31.67,45675,55.73,3.76,6,3.8845,0.6237,0.98,1,1
Hyderabad,Begumpet Nala,119.57,33.4,75104,63.8,3.76,4,119.57,33.4,75104,63.8,3.76,4,3.5797,0.6242,0.98,1,1
Hyderabad,Begumpet Nala,148.09,58.24,18835,68.72,3.53,7,148.09,58.24,18835,68.72,3.53,7,2.5429,0.6467,0.98,1,1
Hyderabad,Khairatabad,127.34,62.52,86143,64.77,5.76,2,127.34,62.52,86143,64.77,5.76,2,2.0368,0.4241,0.98,1,1
Hyderabad,Khairatabad,175.71,47.18,33823,67.33,5.24,5,175.71,47.18,33823,67.33,5.24,5,3.7244,0.4763,0.98,1,1
Hyderabad,Khairatabad,171.05,29.16,78408,91.85,5.42,5,171.05,29.16,78408,91.85,5.42,5,5.8655,0.4579,0.98,1,1
Hyderabad,Khairatabad,211.9,36.04,21317,71.21,3.75,5,211.9,36.04,21317,71.21,3.75,5,5.8802,0.6254,0.98,1,1
Hyderabad,Madhapur Catchment,128.41,39.54,86593,84.45,6.43,6,128.41,39.54,86593,84.45,6.43,6,3.2474,0.3571,0.98,1,1
Hyderabad,Madhapur Catchment,175.25,73.66,33366,45.45,3.84,4,175.25,73.66,33366,45.45,3.84,4,2.3791,0.6161,0.98,1,1
Hyderabad,Begumpet Nala,199.55,25.36,37423,67.81,4.31,6,199.55,25.36,37423,67.81,4.31,6,7.8694,0.5694,0.98,1,1
Hyderabad,Khairatabad,237.24,27.51,81879,50.86,7.83,7,237.24,27.51,81879,50.86,7.83,7,8.6241,0.2174,0.98,1,1
Hyderabad,Musi River Basin,186.92,28.96,19168,81.4,4.1,5,186.92,28.96,19168,81.4,4.1,5,6.4541,0.5895,0.98,1,1
Hyderabad,Khairatabad,77.05,53.1,55879,86.99,5.45,2,77.05,53.1,55879,86.99,5.45,2,1.4511,0.4552,0.98,1,1
Hyderabad,Madhapur Catchment,120.18,44.46,34645,87.72,7.03,4,120.18,44.46,34645,87.72,7.03,4,2.7031,0.2967,0.98,1,1
Hyderabad,Madhapur Catchment,225.06,27.53,28725,58.1,7.81,6,225.06,27.53,28725,58.1,7.81,6,8.1765,0.2185,0.98,1,1
Hyderabad,Begumpet Nala,84.92,72.61,46690,64.03,7.99,4,84.92,72.61,46690,64.03,7.99,4,1.1696,0.2005,0.7254,1,1
Hyderabad,Madhapur Catchment,45.69,46.98,32390,48.49,4.02,3,45.69,46.98,32390,48.49,4.02,3,0.9727,0.5981,0.7345,1,1
Hyderabad,Musi River Basin,119.08,60.64,56258,57.16,5.06,2,119.08,60.64,56258,57.16,5.06,2,1.9637,0.4938,0.98,1,1
Hyderabad,Khairatabad,133.39,59.42,64098,79.46,7.98,6,133.39,59.42,64098,79.46,7.98,6,2.2449,0.2021,0.98,1,1
Hyderabad,Begumpet Nala,134.33,51.67,42099,49.56,3.75,2,134.33,51.67,42099,49.56,3.75,2,2.5999,0.6249,0.98,1,1
Hyderabad,Madhapur Catchment,23.64,38.58,69012,69.21,7.96,5,23.64,38.58,69012,69.21,7.96,5,0.6127,0.2044,0.5751,1,1
Hyderabad,Begumpet Nala,95.69,63.61,39120,61.31,5.44,5,95.69,63.61,39120,61.31,5.44,5,1.5045,0.4557,0.98,1,1
Hyderabad,Begumpet Nala,194.02,41.9,83171,56.2,4.51,2,194.02,41.9,83171,56.2,4.51,2,4.6308,0.549,0.98,1,1
Hyderabad,Begumpet Nala,70.26,25.45,72205,53.56,5.81,7,70.26,25.45,72205,53.56,5.81,7,2.7601,0.4192,0.98,1,1
Hyderabad,Khairatabad,42.21,53.46,44183,72.41,6.73,5,42.21,53.46,44183,72.41,6.73,5,0.7896,0.3269,0.5978,1,1
Hyderabad,Begumpet Nala,40.36,38.12,53208,85.75,4.6,4,40.36,38.12,53208,85.75,4.6,4,1.0585,0.5402,0.8277,1,1
Hyderabad,Madhapur Catchment,84.61,69.45,24378,53.13,4.7,5,84.61,69.45,24378,53.13,4.7,5,1.2183,0.53,0.7926,1,1
Hyderabad,Musi River Basin,21.93,27.46,76502,59.83,5.71,6,21.93,27.46,76502,59.83,5.71,6,0.7986,0.429,0.6621,1,1
Hyderabad,Begumpet Nala,112.73,53.83,32457,81.96,5.32,2,112.73,53.83,32457,81.96,5.32,2,2.0943,0.4677,0.98,1,1
Hyderabad,Khairatabad,206.34,44.04,60982,76.81,3.79,7,206.34,44.04,60982,76.81,3.79,7,4.6848,0.6212,0.98,1,1
Hyderabad,Begumpet Nala,204.92,48.02,29826,48.42,4.4,2,204.92,48.02,29826,48.42,4.4,2,4.2677,0.5604,0.98,1,1
Hyderabad,Khairatabad,68.67,68.88,24743,56.22,4.46,6,68.67,68.88,24743,56.22,4.46,6,0.9969,0.5539,0.6787,1,1
Hyderabad,Begumpet Nala,235.56,72.73,76535,78.68,5.11,5,235.56,72.73,76535,78.68,5.11,5,3.2387,0.4886,0.98,1,1
Hyderabad,Musi River Basin,189.66,67.92,84381,45.59,6.4,5,189.66,67.92,84381,45.59,6.4,5,2.7925,0.36,0.98,1,1
Hyderabad,Musi River Basin,239.37,63.89,59025,60.48,6.62,3,239.37,63.89,59025,60.48,6.62,3,3.7468,0.338,0.98,1,1
Hyderabad,Begumpet Nala,80.25,65.58,26418,83.36,7.93,6,80.25,65.58,26418,83.36,7.93,6,1.2236,0.2072,0.8264,1,1
Hyderabad,Madhapur Catchment,132.77,47.9,21407,71.76,3.51,6,132.77,47.9,21407,71.76,3.51,6,2.772,0.6491,0.98,1,1
Hyderabad,Begumpet Nala,143.82,69.45,44505,74.69,5.83,4,143.82,69.45,44505,74.69,5.83,4,2.0709,0.4166,0.98,1,1
Hyderabad,Begumpet Nala,51.99,50.21,86321,57.13,5.59,2,51.99,50.21,86321,57.13,5.59,2,1.0355,0.4412,0.7138,1,1
Hyderabad,Musi River Basin,210.44,60.38,72362,74.19,4.86,7,210.44,60.38,72362,74.19,4.86,7,3.4852,0.5142,0.98,1,1
Hyderabad,Musi River Basin,202.73,53.87,80515,57.48,7.13,6,202.73,53.87,80515,57.48,7.13,6,3.7635,0.287,0.98,1,1
Hyderabad,Khairatabad,200.29,29.26,32116,65.45,4.82,3,200.29,29.26,32116,65.45,4.82,3,6.8442,0.5183,0.98,1,1
Hyderabad,Madhapur Catchment,193.65,33.17,35205,72.5,5.7,3,193.65,33.17,35205,72.5,5.7,3,5.8384,0.4302,0.98,1,1
Hyderabad,Begumpet Nala,164.06,38.36,31403,85.8,7.23,6,164.06,38.36,31403,85.8,7.23,6,4.2772,0.2773,0.98,1,1
Hyderabad,Begumpet Nala,99.33,66.06,54404,84.24,6.7,4,99.33,66.06,54404,84.24,6.7,4,1.5037,0.3303,0.9297,1,1
Hyderabad,Musi River Basin,225.37,67.91,51785,61.03,7.99,4,225.37,67.91,51785,61.03,7.99,4,3.3187,0.201,0.98,1,1
Hyderabad,Khairatabad,15.69,59.83,82922,55.48,5.34,7,15.69,59.83,82922,55.48,5.34,7,0.2623,0.4664,0.4863,0,0
Hyderabad,Begumpet Nala,15.0,29.59,80574,75.38,6.41,4,15.0,29.59,80574,75.38,6.41,4,0.507,0.3587,0.4539,0,0
Hyderabad,Musi River Basin,220.63,46.96,19986,55.0,3.94,7,220.63,46.96,19986,55.0,3.94,7,4.6986,0.6063,0.98,1,1
Hyderabad,Madhapur Catchment,146.91,66.25,81745,66.79,7.03,3,146.91,66.25,81745,66.79,7.03,3,2.2175,0.2971,0.98,1,1
Hyderabad,Musi River Basin,25.26,73.63,76032,91.11,6.48,3,25.26,73.63,76032,91.11,6.48,3,0.3431,0.3522,0.3936,0,0
Hyderabad,Musi River Basin,183.15,59.98,85838,57.6,4.92,7,183.15,59.98,85838,57.6,4.92,7,3.0536,0.5079,0.98,1,1
Hyderabad,Madhapur Catchment,148.06,68.48,84060,66.1,5.57,6,148.06,68.48,84060,66.1,5.57,6,2.162,0.4433,0.98,1,1
Hyderabad,Begumpet Nala,164.95,66.06,46477,64.8,7.27,4,164.95,66.06,46477,64.8,7.27,4,2.4968,0.2725,0.98,1,1
Hyderabad,Khairatabad,54.47,30.09,47685,83.56,6.92,5,54.47,30.09,47685,83.56,6.92,5,1.8099,0.308,0.98,1,1
Hyderabad,Madhapur Catchment,204.9,46.9,67756,70.68,3.91,3,204.9,46.9,67756,70.68,3.91,3,4.3687,0.6089,0.98,1,1
Hyderabad,Madhapur Catchment,53.48,34.21,67990,72.63,7.28,7,53.48,34.21,67990,72.63,7.28,7,1.5632,0.2718,0.98,1,1
Hyderabad,Madhapur Catchment,35.29,35.14,66632,61.43,6.18,6,35.29,35.14,66632,61.43,6.18,6,1.0043,0.3816,0.7835,1,1
Hyderabad,Khairatabad,168.68,69.66,30963,58.34,6.62,3,168.68,69.66,30963,58.34,6.62,3,2.4217,0.3378,0.98,1,1
Hyderabad,Musi River Basin,185.38,55.99,55528,49.97,7.16,6,185.38,55.99,55528,49.97,7.16,6,3.3112,0.2842,0.98,1,1
Hyderabad,Begumpet Nala,172.46,66.72,20251,76.62,5.74,5,172.46,66.72,20251,76.62,5.74,5,2.5847,0.4262,0.98,1,1
Hyderabad,Musi River Basin,14.43,46.6,47299,89.84,4.44,4,14.43,46.6,47299,89.84,4.44,4,0.3096,0.5555,0.4308,0,0
Hyderabad,Begumpet Nala,153.5,27.4,77840,45.69,7.65,5,153.5,27.4,77840,45.69,7.65,5,5.6015,0.2355,0.98,1,1
Hyderabad,Madhapur Catchment,220.62,32.33,84830,77.12,6.17,3,220.62,32.33,84830,77.12,6.17,3,6.8239,0.3828,0.98,1,1
Hyderabad,Khairatabad,48.21,25.12,76849,58.86,5.1,4,48.21,25.12,76849,58.86,5.1,4,1.9196,0.4905,0.98,1,1
Hyderabad,Khairatabad,221.43,38.28,29801,54.24,7.76,3,221.43,38.28,29801,54.24,7.76,3,5.7839,0.2237,0.98,1,1
Hyderabad,Madhapur Catchment,53.94,51.04,37643,53.85,4.87,7,53.94,51.04,37643,53.85,4.87,7,1.0568,0.5133,0.7799,1,1
Hyderabad,Madhapur Catchment,43.23,30.23,19849,69.12,3.98,4,43.23,30.23,19849,69.12,3.98,4,1.43,0.6017,0.938,1,1
Hyderabad,Madhapur Catchment,204.04,52.25,28931,83.61,5.09,2,204.04,52.25,28931,83.61,5.09,2,3.9052,0.4907,0.98,1,1
Hyderabad,Begumpet Nala,134.11,58.86,42363,74.55,4.7,7,134.11,58.86,42363,74.55,4.7,7,2.2786,0.5303,0.98,1,1
Hyderabad,Madhapur Catchment,141.55,66.62,89629,61.06,4.33,7,141.55,66.62,89629,61.06,4.33,7,2.1248,0.5675,0.98,1,1
Hyderabad,Begumpet Nala,236.37,74.28,29110,51.19,7.49,3,236.37,74.28,29110,51.19,7.49,3,3.1821,0.2508,0.98,1,1
Hyderabad,Musi River Basin,198.75,47.42,67692,65.22,5.47,4,198.75,47.42,67692,65.22,5.47,4,4.1915,0.453,0.98,1,1
Hyderabad,Musi River Basin,186.05,71.81,86681,89.2,7.79,3,186.05,71.81,86681,89.2,7.79,3,2.5909,0.2212,0.98,1,1
Hyderabad,Madhapur Catchment,212.28,38.57,60012,74.76,6.74,7,212.28,38.57,60012,74.76,6.74,7,5.5036,0.3255,0.98,1,1
Hyderabad,Madhapur Catchment,192.8,59.03,77473,66.51,3.93,4,192.8,59.03,77473,66.51,3.93,4,3.2663,0.607,0.98,1,1
Hyderabad,Begumpet Nala,50.18,27.31,47545,87.75,4.71,3,50.18,27.31,47545,87.75,4.71,3,1.8376,0.5287,0.98,1,1
Hyderabad,Madhapur Catchment,240.85,35.57,33043,64.44,6.55,5,240.85,35.57,33043,64.44,6.55,5,6.7709,0.3445,0.98,1,1
Hyderabad,Madhapur Catchment,155.57,74.42,55420,90.32,4.24,7,155.57,74.42,55420,90.32,4.24,7,2.0903,0.5763,0.98,1,1
Hyderabad,Khairatabad,33.14,38.59,49362,54.58,4.67,2,33.14,38.59,49362,54.58,4.67,2,0.8588,0.5327,0.5889,1,1
Hyderabad,Musi River Basin,219.31,31.89,76760,45.87,4.15,5,219.31,31.89,76760,45.87,4.15,5,6.8778,0.5854,0.98,1,1
Hyderabad,Madhapur Catchment,178.05,64.33,55841,59.38,5.67,3,178.05,64.33,55841,59.38,5.67,3,2.7679,0.4326,0.98,1,1
Hyderabad,Khairatabad,93.35,62.64,32621,48.32,5.13,4,93.35,62.64,32621,48.32,5.13,4,1.4901,0.4873,0.9445,1,1
Hyderabad,Musi River Basin,17.95,56.75,82919,65.31,7.08,3,17.95,56.75,82919,65.31,7.08,3,0.3163,0.2916,0.3586,0,0
Hyderabad,Begumpet Nala,106.42,32.22,56445,75.25,4.75,7,106.42,32.22,56445,75.25,4.75,7,3.3032,0.5253,0.98,1,1
Hyderabad,Begumpet Nala,89.76,33.64,26733,68.78,4.23,2,89.76,33.64,26733,68.78,4.23,2,2.6683,0.5769,0.98,1,1
Hyderabad,Khairatabad,103.96,63.12,87959,77.42,7.75,3,103.96,63.12,87959,77.42,7.75,3,1.6471,0.2245,0.9708,1,1
Hyderabad,Khairatabad,115.2,50.9,58736,65.81,6.79,3,115.2,50.9,58736,65.81,6.79,3,2.2632,0.3205,0.98,1,1
Hyderabad,Begumpet Nala,155.08,66.5,56169,73.09,6.83,5,155.08,66.5,56169,73.09,6.83,5,2.3321,0.3175,0.98,1,1
Hyderabad,Musi River Basin,135.03,27.65,30305,54.6,6.32,6,135.03,27.65,30305,54.6,6.32,6,4.8842,0.3679,0.98,1,1
Hyderabad,Musi River Basin,40.19,39.55,24789,82.64,5.53,3,40.19,39.55,24789,82.64,5.53,3,1.0161,0.447,0.7284,1,1
Hyderabad,Khairatabad,176.16,55.94,81248,66.81,4.61,7,176.16,55.94,81248,66.81,4.61,7,3.1492,0.5394,0.98,1,1
Hyderabad,Begumpet Nala,133.14,56.58,27493,87.24,5.55,3,133.14,56.58,27493,87.24,5.55,3,2.3532,0.4446,0.98,1,1
Hyderabad,Musi River Basin,153.9,47.34,19524,59.21,3.73,5,153.9,47.34,19524,59.21,3.73,5,3.2507,0.6271,0.98,1,1
Hyderabad,Khairatabad,225.43,31.26,36562,48.96,7.93,7,225.43,31.26,36562,48.96,7.93,7,7.2111,0.2069,0.98,1,1
Hyderabad,Khairatabad,75.93,54.29,85906,65.2,4.88,5,75.93,54.29,85906,65.2,4.88,5,1.3986,0.5121,0.9008,1,1
Hyderabad,Begumpet Nala,120.79,73.64,87211,73.88,7.52,6,120.79,73.64,87211,73.88,7.52,6,1.6403,0.2484,0.98,1,1
Hyderabad,Musi River Basin,86.44,37.41,49663,55.37,5.9,4,86.44,37.41,49663,55.37,5.9,4,2.3104,0.41,0.98,1,1
Hyderabad,Khairatabad,156.75,27.08,63406,56.01,3.59,3,156.75,27.08,63406,56.01,3.59,3,5.7887,0.6412,0.98,1,1
Hyderabad,Musi River Basin,233.06,42.08,43345,57.64,7.99,4,233.06,42.08,43345,57.64,7.99,4,5.5386,0.2009,0.98,1,1
Hyderabad,Begumpet Nala,192.51,55.81,46561,62.33,6.96,2,192.51,55.81,46561,62.33,6.96,2,3.4491,0.3036,0.98,1,1
Hyderabad,Musi River Basin,102.48,72.36,86607,46.74,3.86,2,102.48,72.36,86607,46.74,3.86,2,1.4163,0.6137,0.898,1,1
Hyderabad,Begumpet Nala,233.66,32.39,23188,47.34,4.17,2,233.66,32.39,23188,47.34,4.17,2,7.2133,0.5825,0.98,1,1
Hyderabad,Khairatabad,159.03,25.85,57131,70.21,5.76,2,159.03,25.85,57131,70.21,5.76,2,6.1524,0.4238,0.98,1,1
Hyderabad,Khairatabad,21.44,54.97,43988,89.81,7.56,5,21.44,54.97,43988,89.81,7.56,5,0.39,0.2436,0.4346,0,0
Hyderabad,Khairatabad,198.99,58.37,27752,68.65,6.94,7,198.99,58.37,27752,68.65,6.94,7,3.4093,0.3057,0.98,1,1
Hyderabad,Musi River Basin,49.82,68.62,51688,48.94,6.39,7,49.82,68.62,51688,48.94,6.39,7,0.726,0.3606,0.5636,1,1
Hyderabad,Musi River Basin,145.12,38.31,22792,82.77,7.18,6,145.12,38.31,22792,82.77,7.18,6,3.7879,0.282,0.98,1,1
Hyderabad,Madhapur Catchment,136.34,52.31,83867,58.95,3.5,2,136.34,52.31,83867,58.95,3.5,2,2.6062,0.6497,0.98,1,1
Hyderabad,Begumpet Nala,221.95,63.23,39359,86.11,4.08,3,221.95,63.23,39359,86.11,4.08,3,3.5103,0.592,0.98,1,1
Hyderabad,Madhapur Catchment,92.25,64.45,65934,57.89,4.94,3,92.25,64.45,65934,57.89,4.94,3,1.4315,0.506,0.912,1,1
Hyderabad,Madhapur Catchment,195.32,44.26,47187,72.9,4.07,4,195.32,44.26,47187,72.9,4.07,4,4.4135,0.5928,0.98,1,1
Hyderabad,Khairatabad,207.08,54.07,66928,83.29,7.71,2,207.08,54.07,66928,83.29,7.71,2,3.8302,0.2287,0.98,1,1
Hyderabad,Khairatabad,229.51,51.78,81645,84.87,5.72,6,229.51,51.78,81645,84.87,5.72,6,4.4321,0.4282,0.98,1,1
Hyderabad,Musi River Basin,202.18,45.18,19951,68.12,6.08,4,202.18,45.18,19951,68.12,6.08,4,4.4754,0.3923,0.98,1,1
Hyderabad,Begumpet Nala,193.4,49.32,18595,71.2,7.9,6,193.4,49.32,18595,71.2,7.9,6,3.9211,0.2098,0.98,1,1
Hyderabad,Musi River Basin,116.42,40.35,30879,77.41,7.45,7,116.42,40.35,30879,77.41,7.45,7,2.8848,0.2552,0.98,1,1
Hyderabad,Madhapur Catchment,78.95,58.62,41535,57.14,4.6,4,78.95,58.62,41535,57.14,4.6,4,1.3469,0.5404,0.8449,1,1
Hyderabad,Madhapur Catchment,163.39,36.88,89621,58.45,6.75,6,163.39,36.88,89621,58.45,6.75,6,4.4306,0.3248,0.98,1,1
Hyderabad,Begumpet Nala,221.84,54.17,33385,83.46,6.57,7,221.84,54.17,33385,83.46,6.57,7,4.0952,0.3425,0.98,1,1
Hyderabad,Khairatabad,219.27,31.33,67037,68.17,3.87,6,219.27,31.33,67037,68.17,3.87,6,6.9982,0.6131,0.98,1,1
Hyderabad,Khairatabad,235.57,43.81,49007,46.63,4.07,6,235.57,43.81,49007,46.63,4.07,6,5.3767,0.5927,0.98,1,1
Hyderabad,Madhapur Catchment,18.79,61.43,70066,63.02,7.27,2,18.79,61.43,70066,63.02,7.27,2,0.3059,0.2733,0.4165,0,0
Hyderabad,Madhapur Catchment,149.26,61.38,73698,52.11,4.78,6,149.26,61.38,73698,52.11,4.78,6,2.4318,0.5219,0.98,1,1
Hyderabad,Khairatabad,27.9,25.9,46942,75.0,6.65,7,27.9,25.9,46942,75.0,6.65,7,1.0771,0.3353,0.7644,1,1
Hyderabad,Khairatabad,206.23,51.64,53739,62.0,3.99,6,206.23,51.64,53739,62.0,3.99,6,3.9934,0.6012,0.98,1,1
Hyderabad,Begumpet Nala,128.33,49.37,45499,70.39,3.73,7,128.33,49.37,45499,70.39,3.73,7,2.5995,0.6274,0.98,1,1
Hyderabad,Madhapur Catchment,53.28,26.62,42596,80.04,7.98,7,53.28,26.62,42596,80.04,7.98,7,2.0011,0.202,0.98,1,1
Hyderabad,Madhapur Catchment,67.51,43.62,50376,91.37,3.75,3,67.51,43.62,50376,91.37,3.75,3,1.5479,0.6248,0.98,1,1
Hyderabad,Begumpet Nala,22.2,56.29,38991,62.36,4.22,7,22.2,56.29,38991,62.36,4.22,7,0.3944,0.5782,0.5929,1,1
Hyderabad,Madhapur Catchment,142.06,41.58,35806,72.89,4.45,7,142.06,41.58,35806,72.89,4.45,7,3.4163,0.5554,0.98,1,1
Hyderabad,Madhapur Catchment,99.98,37.05,60399,82.04,4.84,7,99.98,37.05,60399,82.04,4.84,7,2.6982,0.5163,0.98,1,1
Hyderabad,Madhapur Catchment,158.49,64.14,68222,45.1,6.37,2,158.49,64.14,68222,45.1,6.37,2,2.4711,0.3626,0.98,1,1
Hyderabad,Begumpet Nala,204.55,35.47,71915,73.71,3.51,6,204.55,35.47,71915,73.71,3.51,6,5.7675,0.6494,0.98,1,1
Hyderabad,Khairatabad,187.24,71.33,25373,63.91,3.73,3,187.24,71.33,25373,63.91,3.73,3,2.6249,0.6269,0.98,1,1
Hyderabad,Begumpet Nala,38.49,45.05,25642,88.79,3.97,3,38.49,45.05,25642,88.79,3.97,3,0.8543,0.6028,0.6739,1,1
Hyderabad,Khairatabad,13.54,64.03,37462,78.24,4.36,7,13.54,64.03,37462,78.24,4.36,7,0.2114,0.5643,0.3859,0,0
Kochi,Kalamassery Lowlands,55.15,51.41,27089,85.66,3.32,5,55.15,51.41,27089,85.66,3.32,5,1.0728,0.6683,0.8708,1,1
Kochi,Edappally Canal,26.13,45.06,58057,86.52,3.72,5,26.13,45.06,58057,86.52,3.72,5,0.5799,0.6284,0.5403,0,0
Kochi,Kalamassery Lowlands,144.55,39.53,46492,46.42,3.99,4,144.55,39.53,46492,46.42,3.99,4,3.6563,0.6005,0.98,1,1
Kochi,Kochi MG Road,73.22,29.38,45560,73.17,3.39,4,73.22,29.38,45560,73.17,3.39,4,2.4926,0.6612,0.98,1,1
Kochi,Kalamassery Lowlands,74.58,36.87,33577,56.22,5.47,5,74.58,36.87,33577,56.22,5.47,5,2.0227,0.4526,0.98,1,1
Kochi,Aluva Periyar Bank,276.6,43.65,17141,43.3,7.39,4,276.6,43.65,17141,43.3,7.39,4,6.3369,0.2614,0.98,1,1
Kochi,Edappally Canal,167.75,69.07,56650,53.07,7.05,4,167.75,69.07,56650,53.07,7.05,4,2.4287,0.2952,0.98,1,1
Kochi,Kochi MG Road,154.03,61.78,28619,69.59,4.15,5,154.03,61.78,28619,69.59,4.15,5,2.4934,0.585,0.98,1,1
Kochi,Aluva Periyar Bank,265.45,29.75,52039,77.6,5.29,2,265.45,29.75,52039,77.6,5.29,2,8.9235,0.471,0.98,1,1
Kochi,Edappally Canal,65.36,25.12,27111,86.23,5.03,4,65.36,25.12,27111,86.23,5.03,4,2.6014,0.4965,0.98,1,1
Kochi,Kochi MG Road,296.24,35.99,56627,72.01,4.32,3,296.24,35.99,56627,72.01,4.32,3,8.2319,0.5678,0.98,1,1
Kochi,Edappally Canal,31.18,51.56,62477,55.27,4.99,4,31.18,51.56,62477,55.27,4.99,4,0.6048,0.5006,0.5197,0,0
Kochi,Edappally Canal,129.69,46.3,43467,79.98,7.0,5,129.69,46.3,43467,79.98,7.0,5,2.8013,0.3001,0.98,1,1
Kochi,Aluva Periyar Bank,291.02,56.18,45172,51.67,3.38,4,291.02,56.18,45172,51.67,3.38,4,5.1805,0.662,0.98,1,1
Kochi,Aluva Periyar Bank,127.6,23.84,67534,39.32,3.87,2,127.6,23.84,67534,39.32,3.87,2,5.3531,0.613,0.98,1,1
Kochi,Kochi MG Road,40.02,21.88,25322,55.48,4.2,6,40.02,21.88,25322,55.48,4.2,6,1.8293,0.5797,0.98,1,1
Kochi,Kochi MG Road,51.9,26.29,34912,45.07,5.07,5,51.9,26.29,34912,45.07,5.07,5,1.9746,0.4927,0.98,1,1
Kochi,Kalamassery Lowlands,206.1,60.29,44563,38.87,4.23,4,206.1,60.29,44563,38.87,4.23,4,3.4185,0.5769,0.98,1,1
Kochi,Edappally Canal,194.93,55.49,25306,44.29,3.05,4,194.93,55.49,25306,44.29,3.05,4,3.5132,0.6954,0.98,1,1
Kochi,Edappally Canal,152.54,67.75,24641,85.09,6.03,5,152.54,67.75,24641,85.09,6.03,5,2.2514,0.3969,0.98,1,1
Kochi,Aluva Periyar Bank,157.73,32.01,18284,68.36,4.16,5,157.73,32.01,18284,68.36,4.16,5,4.9272,0.5844,0.98,1,1
Kochi,Kalamassery Lowlands,42.13,65.8,26692,52.93,7.21,4,42.13,65.8,26692,52.93,7.21,4,0.6403,0.279,0.468,0,0
Kochi,Aluva Periyar Bank,36.23,57.07,29438,85.23,3.24,6,36.23,57.07,29438,85.23,3.24,6,0.635,0.6758,0.6546,1,1
Kochi,Kalamassery Lowlands,95.3,42.98,53381,61.94,7.46,6,95.3,42.98,53381,61.94,7.46,6,2.2172,0.2537,0.98,1,1
Kochi,Kalamassery Lowlands,186.01,24.41,29459,74.76,6.12,3,186.01,24.41,29459,74.76,6.12,3,7.6212,0.388,0.98,1,1
Kochi,Kalamassery Lowlands,118.92,42.03,17481,58.34,5.47,6,118.92,42.03,17481,58.34,5.47,6,2.8293,0.453,0.98,1,1
Kochi,Kochi MG Road,273.91,22.99,27890,62.7,3.11,6,273.91,22.99,27890,62.7,3.11,6,11.9152,0.6894,0.98,1,1
Kochi,Kalamassery Lowlands,125.39,62.83,66160,41.66,4.4,5,125.39,62.83,66160,41.66,4.4,5,1.9957,0.56,0.98,1,1
Kochi,Edappally Canal,285.89,58.1,28607,49.28,6.99,5,285.89,58.1,28607,49.28,6.99,5,4.921,0.3007,0.98,1,1
Kochi,Kochi MG Road,135.37,59.22,41565,66.31,6.25,4,135.37,59.22,41565,66.31,6.25,4,2.2858,0.3753,0.98,1,1
Kochi,Kochi MG Road,276.27,45.76,53563,67.75,6.0,2,276.27,45.76,53563,67.75,6.0,2,6.0373,0.4004,0.98,1,1
Kochi,Edappally Canal,231.01,21.62,16134,42.63,7.5,2,231.01,21.62,16134,42.63,7.5,2,10.6828,0.2502,0.98,1,1
Kochi,Kalamassery Lowlands,107.13,50.2,22481,87.83,4.94,2,107.13,50.2,22481,87.83,4.94,2,2.1342,0.5063,0.98,1,1
Kochi,Edappally Canal,123.98,33.26,55883,81.81,7.27,4,123.98,33.26,55883,81.81,7.27,4,3.7274,0.2733,0.98,1,1
Kochi,Edappally Canal,225.16,62.6,59322,38.74,7.2,5,225.16,62.6,59322,38.74,7.2,5,3.5969,0.2797,0.98,1,1
Kochi,Kalamassery Lowlands,209.54,68.45,29070,84.01,5.33,5,209.54,68.45,29070,84.01,5.33,5,3.0614,0.4673,0.98,1,1
Kochi,Aluva Periyar Bank,232.36,51.49,22420,68.0,3.05,3,232.36,51.49,22420,68.0,3.05,3,4.5123,0.6955,0.98,1,1
Kochi,Edappally Canal,228.69,50.19,39785,72.42,4.07,2,228.69,50.19,39785,72.42,4.07,2,4.5565,0.5928,0.98,1,1
Kochi,Edappally Canal,151.45,64.57,37112,42.7,5.36,6,151.45,64.57,37112,42.7,5.36,6,2.3457,0.4641,0.98,1,1
Kochi,Edappally Canal,212.64,34.34,15291,83.5,6.85,3,212.64,34.34,15291,83.5,6.85,3,6.1926,0.3155,0.98,1,1
Kochi,Aluva Periyar Bank,39.91,59.14,37995,36.61,3.41,6,39.91,59.14,37995,36.61,3.41,6,0.6749,0.6591,0.6054,1,1
Kochi,Kochi MG Road,84.68,46.85,38145,46.96,3.95,3,84.68,46.85,38145,46.96,3.95,3,1.8074,0.6047,0.98,1,1
Kochi,Aluva Periyar Bank,78.27,23.33,56624,73.68,6.31,6,78.27,23.33,56624,73.68,6.31,6,3.3544,0.369,0.98,1,1
Kochi,Kalamassery Lowlands,288.97,20.45,25894,84.04,6.91,4,288.97,20.45,25894,84.04,6.91,4,14.1269,0.3094,0.98,1,1
Kochi,Aluva Periyar Bank,42.48,55.73,46489,86.44,5.52,6,42.48,55.73,46489,86.44,5.52,6,0.7623,0.4485,0.6596,1,1
Kochi,Aluva Periyar Bank,223.46,53.6,32229,42.66,4.99,2,223.46,53.6,32229,42.66,4.99,2,4.1692,0.5011,0.98,1,1
Kochi,Aluva Periyar Bank,173.72,49.28,62227,48.71,3.12,4,173.72,49.28,62227,48.71,3.12,4,3.525,0.6883,0.98,1,1
Kochi,Aluva Periyar Bank,117.2,29.19,17622,70.85,3.85,5,117.2,29.19,17622,70.85,3.85,5,4.0151,0.6145,0.98,1,1
Kochi,Aluva Periyar Bank,184.63,39.32,43320,74.62,5.47,2,184.63,39.32,43320,74.62,5.47,2,4.6953,0.4526,0.98,1,1
Kochi,Edappally Canal,42.1,38.81,12519,65.15,6.97,2,42.1,38.81,12519,65.15,6.97,2,1.0848,0.3032,0.6591,1,1
Kochi,Kochi MG Road,235.78,24.33,57009,58.2,4.53,6,235.78,24.33,57009,58.2,4.53,6,9.6903,0.5471,0.98,1,1
Kochi,Edappally Canal,223.11,50.81,38205,55.69,7.09,5,223.11,50.81,38205,55.69,7.09,5,4.3909,0.2909,0.98,1,1
Kochi,Edappally Canal,244.2,65.1,31239,63.27,5.68,5,244.2,65.1,31239,63.27,5.68,5,3.7513,0.4316,0.98,1,1
Kochi,Kochi MG Road,58.27,26.45,51365,82.68,6.52,4,58.27,26.45,51365,82.68,6.52,4,2.2029,0.3481,0.98,1,1
Kochi,Kochi MG Road,197.55,22.85,32800,40.4,6.28,2,197.55,22.85,32800,40.4,6.28,2,8.6438,0.3722,0.98,1,1
Kochi,Kalamassery Lowlands,112.13,46.23,66213,60.71,5.43,5,112.13,46.23,66213,60.71,5.43,5,2.4256,0.4566,0.98,1,1
Kochi,Kochi MG Road,73.93,60.39,43498,53.32,6.34,4,73.93,60.39,43498,53.32,6.34,4,1.2241,0.3655,0.7884,1,1
Kochi,Aluva Periyar Bank,174.53,51.97,17783,59.19,5.74,6,174.53,51.97,17783,59.19,5.74,6,3.3584,0.4256,0.98,1,1
Kochi,Aluva Periyar Bank,141.02,53.88,28654,77.09,5.23,4,141.02,53.88,28654,77.09,5.23,4,2.617,0.4774,0.98,1,1
Kochi,Aluva Periyar Bank,281.1,64.81,69134,82.29,4.94,3,281.1,64.81,69134,82.29,4.94,3,4.3371,0.5061,0.98,1,1
Kochi,Kochi MG Road,116.38,28.92,34375,66.03,5.35,3,116.38,28.92,34375,66.03,5.35,3,4.0246,0.4655,0.98,1,1
Kochi,Edappally Canal,150.93,37.34,43891,77.19,4.38,5,150.93,37.34,43891,77.19,4.38,5,4.0424,0.5624,0.98,1,1
Kochi,Kalamassery Lowlands,290.8,39.73,46077,49.79,5.91,5,290.8,39.73,46077,49.79,5.91,5,7.3199,0.4091,0.98,1,1
Kochi,Kochi MG Road,37.38,33.05,23760,74.87,3.08,6,37.38,33.05,23760,74.87,3.08,6,1.1309,0.6921,0.8684,1,1
Kochi,Aluva Periyar Bank,175.93,40.04,54907,71.13,3.94,3,175.93,40.04,54907,71.13,3.94,3,4.3934,0.6065,0.98,1,1
Kochi,Kalamassery Lowlands,105.81,34.19,41097,74.27,5.98,6,105.81,34.19,41097,74.27,5.98,6,3.0944,0.4022,0.98,1,1
Kochi,Kochi MG Road,134.01,35.23,24663,74.51,4.71,2,134.01,35.23,24663,74.51,4.71,2,3.8042,0.5295,0.98,1,1
Kochi,Aluva Periyar Bank,290.03,47.25,67651,47.05,4.53,2,290.03,47.25,67651,47.05,4.53,2,6.1376,0.5473,0.98,1,1
Kochi,Aluva Periyar Bank,150.02,30.91,29257,80.42,4.87,4,150.02,30.91,29257,80.42,4.87,4,4.8529,0.5132,0.98,1,1
Kochi,Edappally Canal,107.99,58.61,60676,82.11,6.36,6,107.99,58.61,60676,82.11,6.36,6,1.8424,0.3644,0.98,1,1
Kochi,Aluva Periyar Bank,188.9,59.33,53916,64.13,6.86,5,188.9,59.33,53916,64.13,6.86,5,3.1838,0.314,0.98,1,1
Kochi,Aluva Periyar Bank,185.5,67.19,13425,82.09,4.99,2,185.5,67.19,13425,82.09,4.99,2,2.7609,0.5011,0.98,1,1
Kochi,Kochi MG Road,57.27,48.51,64216,80.23,6.32,3,57.27,48.51,64216,80.23,6.32,3,1.1807,0.3682,0.7881,1,1
Kochi,Kalamassery Lowlands,309.93,56.25,21721,64.57,4.37,5,309.93,56.25,21721,64.57,4.37,5,5.5102,0.5631,0.98,1,1
Kochi,Aluva Periyar Bank,75.04,28.88,37761,87.96,4.29,2,75.04,28.88,37761,87.96,4.29,2,2.5985,0.5709,0.98,1,1
Kochi,Aluva Periyar Bank,106.28,59.64,56380,64.67,5.34,6,106.28,59.64,56380,64.67,5.34,6,1.7819,0.4659,0.98,1,1
Kochi,Kalamassery Lowlands,100.33,34.36,19764,81.11,5.86,5,100.33,34.36,19764,81.11,5.86,5,2.9197,0.4138,0.98,1,1
Kochi,Kochi MG Road,29.28,35.64,50409,37.9,4.6,6,29.28,35.64,50409,37.9,4.6,6,0.8217,0.5402,0.6142,1,1
Kochi,Aluva Periyar Bank,195.68,33.72,34419,81.36,7.22,5,195.68,33.72,34419,81.36,7.22,5,5.803,0.2776,0.98,1,1
Kochi,Kalamassery Lowlands,260.38,35.18,58144,40.65,6.1,2,260.38,35.18,58144,40.65,6.1,2,7.4023,0.3902,0.98,1,1
Kochi,Edappally Canal,299.06,35.64,41290,42.85,3.44,4,299.06,35.64,41290,42.85,3.44,4,8.3906,0.6556,0.98,1,1
Kochi,Aluva Periyar Bank,148.48,59.98,25806,85.77,6.71,6,148.48,59.98,25806,85.77,6.71,6,2.4752,0.3291,0.98,1,1
Kochi,Kalamassery Lowlands,76.2,24.99,44222,35.68,6.58,2,76.2,24.99,44222,35.68,6.58,2,3.0495,0.342,0.98,1,1
Kochi,Edappally Canal,290.76,62.98,42984,77.9,6.6,3,290.76,62.98,42984,77.9,6.6,3,4.6171,0.3399,0.98,1,1
Kochi,Kalamassery Lowlands,244.52,57.39,21969,77.99,3.89,3,244.52,57.39,21969,77.99,3.89,3,4.261,0.6112,0.98,1,1
Kochi,Kalamassery Lowlands,170.78,65.93,58404,43.3,4.65,4,170.78,65.93,58404,43.3,4.65,4,2.5905,0.535,0.98,1,1
Kochi,Kalamassery Lowlands,70.43,68.4,12788,66.34,6.24,3,70.43,68.4,12788,66.34,6.24,3,1.0296,0.3764,0.6646,1,1
Kochi,Edappally Canal,169.64,40.06,39331,47.02,7.19,2,169.64,40.06,39331,47.02,7.19,2,4.2344,0.2808,0.98,1,1
Kochi,Kalamassery Lowlands,247.67,20.97,58910,61.93,6.31,2,247.67,20.97,58910,61.93,6.31,2,11.8105,0.369,0.98,1,1
Kochi,Kochi MG Road,89.45,63.64,34686,39.12,5.4,6,89.45,63.64,34686,39.12,5.4,6,1.4056,0.4604,0.9015,1,1
Kochi,Aluva Periyar Bank,76.2,48.9,20859,48.99,4.92,6,76.2,48.9,20859,48.99,4.92,6,1.5582,0.5076,0.9036,1,1
Kochi,Kalamassery Lowlands,148.88,29.64,31551,60.74,6.17,6,148.88,29.64,31551,60.74,6.17,6,5.0227,0.3831,0.98,1,1
Kochi,Aluva Periyar Bank,27.79,23.76,13155,59.67,7.24,4,27.79,23.76,13155,59.67,7.24,4,1.1697,0.2756,0.7195,1,1
Kochi,Kalamassery Lowlands,156.27,65.04,66545,79.25,6.4,2,156.27,65.04,66545,79.25,6.4,2,2.4027,0.3599,0.98,1,1
Kochi,Kochi MG Road,56.82,25.77,57241,51.96,4.9,6,56.82,25.77,57241,51.96,4.9,6,2.2047,0.5102,0.98,1,1
Kochi,Kalamassery Lowlands,126.53,33.7,17773,80.13,5.17,6,126.53,33.7,17773,80.13,5.17,6,3.7543,0.4826,0.98,1,1
Kochi,Edappally Canal,303.69,30.03,63490,69.37,4.71,5,303.69,30.03,63490,69.37,4.71,5,10.1134,0.5292,0.98,1,1
Kochi,Edappally Canal,53.18,60.61,57615,37.57,3.95,5,53.18,60.61,57615,37.57,3.95,5,0.8774,0.6054,0.6614,1,1
Kochi,Edappally Canal,200.43,21.98,47912,55.26,4.27,3,200.43,21.98,47912,55.26,4.27,3,9.1197,0.5732,0.98,1,1
Kochi,Edappally Canal,70.29,22.67,68176,60.18,4.43,6,70.29,22.67,68176,60.18,4.43,6,3.1003,0.5572,0.98,1,1
Kochi,Kochi MG Road,166.92,35.5,19737,66.43,5.42,5,166.92,35.5,19737,66.43,5.42,5,4.7016,0.458,0.98,1,1
Kochi,Edappally Canal,63.9,31.43,25050,86.59,6.56,2,63.9,31.43,25050,86.59,6.56,2,2.033,0.3442,0.98,1,1
Kochi,Edappally Canal,283.88,24.66,21852,78.43,4.62,4,283.88,24.66,21852,78.43,4.62,4,11.5141,0.5381,0.98,1,1
Kochi,Kalamassery Lowlands,170.05,35.95,30205,85.55,5.89,5,170.05,35.95,30205,85.55,5.89,5,4.7298,0.4111,0.98,1,1
Kochi,Kochi MG Road,222.02,65.14,60940,70.0,5.12,5,222.02,65.14,60940,70.0,5.12,5,3.4083,0.4881,0.98,1,1
Kochi,Kochi MG Road,142.8,47.33,62762,43.88,4.71,5,142.8,47.33,62762,43.88,4.71,5,3.0171,0.5294,0.98,1,1
Kochi,Kochi MG Road,62.75,53.61,53621,63.44,7.21,2,62.75,53.61,53621,63.44,7.21,2,1.1705,0.2793,0.7231,1,1
Kochi,Kalamassery Lowlands,36.48,60.24,17295,80.29,6.61,2,36.48,60.24,17295,80.29,6.61,2,0.6056,0.339,0.5288,0,0
Kochi,Kochi MG Road,222.75,27.98,58371,65.73,6.0,4,222.75,27.98,58371,65.73,6.0,4,7.9607,0.3998,0.98,1,1
Kochi,Aluva Periyar Bank,36.06,29.34,46416,54.54,6.11,6,36.06,29.34,46416,54.54,6.11,6,1.229,0.3895,0.8339,1,1
Kochi,Kalamassery Lowlands,177.06,20.01,24363,70.82,4.12,2,177.06,20.01,24363,70.82,4.12,2,8.8478,0.5881,0.98,1,1
Kochi,Kochi MG Road,227.1,21.05,23663,47.79,3.35,4,227.1,21.05,23663,47.79,3.35,4,10.7872,0.6647,0.98,1,1
Kochi,Edappally Canal,238.08,47.53,36256,51.42,6.86,6,238.08,47.53,36256,51.42,6.86,6,5.0086,0.3136,0.98,1,1
Kochi,Kalamassery Lowlands,233.82,50.84,65911,43.07,6.0,3,233.82,50.84,65911,43.07,6.0,3,4.5987,0.4,0.98,1,1
Kochi,Edappally Canal,191.95,49.34,34891,80.76,7.13,5,191.95,49.34,34891,80.76,7.13,5,3.8904,0.2874,0.98,1,1
Kochi,Kalamassery Lowlands,209.12,27.53,13725,39.15,6.1,2,209.12,27.53,13725,39.15,6.1,2,7.596,0.3903,0.98,1,1
Kochi,Kochi MG Road,83.48,44.35,22055,78.96,4.36,4,83.48,44.35,22055,78.96,4.36,4,1.8821,0.5638,0.98,1,1
Kochi,Kochi MG Road,278.03,42.76,28365,82.68,7.1,3,278.03,42.76,28365,82.68,7.1,3,6.5028,0.2901,0.98,1,1
Kochi,Kalamassery Lowlands,217.97,58.93,23415,58.85,4.52,3,217.97,58.93,23415,58.85,4.52,3,3.6991,0.548,0.98,1,1
Kochi,Kalamassery Lowlands,129.04,41.62,26915,86.57,4.0,6,129.04,41.62,26915,86.57,4.0,6,3.1003,0.6003,0.98,1,1
Kochi,Aluva Periyar Bank,41.61,66.06,63936,64.51,6.32,5,41.61,66.06,63936,64.51,6.32,5,0.6299,0.3678,0.5313,0,0
Kochi,Edappally Canal,34.39,49.51,12010,67.79,4.39,2,34.39,49.51,12010,67.79,4.39,2,0.6947,0.5606,0.4468,0,0
Kochi,Kalamassery Lowlands,50.92,66.16,51963,58.97,3.19,3,50.92,66.16,51963,58.97,3.19,3,0.7696,0.6806,0.6906,1,1
Kochi,Kochi MG Road,211.46,33.77,64805,35.49,3.91,5,211.46,33.77,64805,35.49,3.91,5,6.2614,0.6094,0.98,1,1
Kochi,Kalamassery Lowlands,199.82,33.08,33534,60.76,5.99,3,199.82,33.08,33534,60.76,5.99,3,6.0398,0.4012,0.98,1,1
Kochi,Kochi MG Road,85.43,25.25,16394,45.14,5.33,5,85.43,25.25,16394,45.14,5.33,5,3.3828,0.4673,0.98,1,1
Kochi,Edappally Canal,118.16,20.54,43100,65.31,7.08,6,118.16,20.54,43100,65.31,7.08,6,5.7529,0.2916,0.98,1,1
Kochi,Kalamassery Lowlands,141.86,44.1,58607,38.7,5.15,3,141.86,44.1,58607,38.7,5.15,3,3.2167,0.4846,0.98,1,1
Kochi,Kalamassery Lowlands,239.42,65.58,25895,70.58,3.73,3,239.42,65.58,25895,70.58,3.73,3,3.6508,0.627,0.98,1,1
Kochi,Aluva Periyar Bank,245.78,33.24,65112,73.16,6.39,6,245.78,33.24,65112,73.16,6.39,6,7.394,0.3608,0.98,1,1
Kochi,Aluva Periyar Bank,201.08,58.5,17344,47.68,4.26,3,201.08,58.5,17344,47.68,4.26,3,3.4373,0.5738,0.98,1,1
Kochi,Kalamassery Lowlands,115.76,56.55,35396,74.06,3.32,3,115.76,56.55,35396,74.06,3.32,3,2.0471,0.6685,0.98,1,1
Kochi,Edappally Canal,167.38,41.93,14015,37.75,6.87,5,167.38,41.93,14015,37.75,6.87,5,3.9922,0.3131,0.98,1,1
Kochi,Kalamassery Lowlands,277.75,38.92,13754,53.89,3.45,6,277.75,38.92,13754,53.89,3.45,6,7.1368,0.6546,0.98,1,1
Kochi,Edappally Canal,210.99,42.8,43075,61.58,4.05,5,210.99,42.8,43075,61.58,4.05,5,4.9291,0.5949,0.98,1,1
Kochi,Edappally Canal,90.01,66.11,47950,44.32,3.65,3,90.01,66.11,47950,44.32,3.65,3,1.3615,0.6348,0.8442,1,1
Kochi,Edappally Canal,184.57,44.32,30101,75.15,6.64,4,184.57,44.32,30101,75.15,6.64,4,4.1644,0.3356,0.98,1,1
Kochi,Kalamassery Lowlands,157.67,33.25,60466,54.56,3.61,3,157.67,33.25,60466,54.56,3.61,3,4.7413,0.639,0.98,1,1
Kochi,Kochi MG Road,57.09,66.7,16893,61.01,4.97,4,57.09,66.7,16893,61.01,4.97,4,0.856,0.5026,0.6815,1,1
Kochi,Edappally Canal,282.22,63.61,28679,80.28,6.52,4,282.22,63.61,28679,80.28,6.52,4,4.4369,0.3483,0.98,1,1
Kochi,Kalamassery Lowlands,55.61,25.06,57382,83.35,7.26,6,55.61,25.06,57382,83.35,7.26,6,2.2194,0.2743,0.98,1,1
Kochi,Kochi MG Road,97.73,62.92,28105,40.83,7.26,3,97.73,62.92,28105,40.83,7.26,3,1.5531,0.2737,0.8385,1,1
